annotTriples	annotCost	estimatedAcc	MoE	lowerBound	upperBound	zero width	overshooting	overshooting
465	4.391666667	0.724792206	0.049717807	0.675074399	0.774510013	FALSE	FALSE	FALSE
355	3.352777778	0.767049499	0.049247136	0.717802363	0.816296635	FALSE	FALSE	FALSE
325	3.069444444	0.779025343	0.0499435	0.729081843	0.828968844	FALSE	FALSE	FALSE
475	4.486111111	0.710716533	0.049970114	0.660746419	0.760686647	FALSE	FALSE	FALSE
363	3.433333333	0.763365915	0.049336376	0.71402954	0.812702291	FALSE	FALSE	FALSE
400	3.777777778	0.749920719	0.049800383	0.700120336	0.799721102	FALSE	FALSE	FALSE
85	0.802777778	0.731397981	0.047918594	0.683479387	0.779316575	FALSE	FALSE	FALSE
413	3.905555556	0.748760097	0.049748147	0.69901195	0.798508245	FALSE	FALSE	FALSE
508	4.802777778	0.734219984	0.049759441	0.684460543	0.783979425	FALSE	FALSE	FALSE
440	4.155555556	0.750610094	0.049628177	0.700981917	0.800238272	FALSE	FALSE	FALSE
445	4.202777778	0.779233113	0.049760101	0.729473013	0.828993214	FALSE	FALSE	FALSE
30	0.283333333	0.903693691	0.03775138	0.865942311	0.94144507	FALSE	FALSE	FALSE
380	3.588888889	0.761239655	0.049276646	0.711963009	0.810516302	FALSE	FALSE	FALSE
355	3.352777778	0.754851221	0.049833927	0.705017294	0.804685148	FALSE	FALSE	FALSE
545	5.147222222	0.732121893	0.049863856	0.682258037	0.781985749	FALSE	FALSE	FALSE
532	5.031944444	0.721659396	0.049904766	0.671754629	0.771564162	FALSE	FALSE	FALSE
400	3.777777778	0.7549251	0.049873655	0.705051445	0.804798755	FALSE	FALSE	FALSE
358	3.386111111	0.790463023	0.049425441	0.741037581	0.839888464	FALSE	FALSE	FALSE
30	0.283333333	0.961477476	0	0.961477476	0.961477476	TRUE	FALSE	FALSE
440	4.155555556	0.774018952	0.049883271	0.724135681	0.823902223	FALSE	FALSE	FALSE
385	3.636111111	0.79823059	0.049993691	0.748236898	0.848224281	FALSE	FALSE	FALSE
490	4.627777778	0.707192865	0.049755916	0.657436949	0.75694878	FALSE	FALSE	FALSE
385	3.636111111	0.758081468	0.049634697	0.708446771	0.807716164	FALSE	FALSE	FALSE
320	3.022222222	0.766954029	0.049899606	0.717054423	0.816853635	FALSE	FALSE	FALSE
465	4.391666667	0.753811743	0.049818306	0.703993437	0.803630048	FALSE	FALSE	FALSE
315	2.975	0.774054406	0.049397949	0.724656457	0.823452354	FALSE	FALSE	FALSE
425	4.013888889	0.709815421	0.049875937	0.659939485	0.759691358	FALSE	FALSE	FALSE
130	1.227777778	0.860968793	0.048879389	0.812089403	0.909848182	FALSE	FALSE	FALSE
412	3.898611111	0.733772235	0.049501205	0.68427103	0.78327344	FALSE	FALSE	FALSE
295	2.786111111	0.779023054	0.049871729	0.729151325	0.828894783	FALSE	FALSE	FALSE
430	4.061111111	0.763280114	0.049719714	0.7135604	0.812999828	FALSE	FALSE	FALSE
310	2.927777778	0.797257721	0.049410823	0.747846898	0.846668544	FALSE	FALSE	FALSE
275	2.597222222	0.830191296	0.049584383	0.780606913	0.879775679	FALSE	FALSE	FALSE
494	4.668055556	0.743000057	0.049753788	0.693246268	0.792753845	FALSE	FALSE	FALSE
315	2.975	0.823132513	0.048991072	0.77414144	0.872123585	FALSE	FALSE	FALSE
330	3.116666667	0.789837566	0.049867646	0.73996992	0.839705211	FALSE	FALSE	FALSE
430	4.061111111	0.767851587	0.04976433	0.718087257	0.817615917	FALSE	FALSE	FALSE
465	4.391666667	0.772483912	0.04976223	0.722721682	0.822246141	FALSE	FALSE	FALSE
405	3.825	0.747510558	0.049725831	0.697784727	0.797236389	FALSE	FALSE	FALSE
70	0.661111111	0.900290088	0.046227909	0.854062179	0.946517997	FALSE	FALSE	FALSE
360	3.4	0.747657086	0.049418459	0.698238628	0.797075545	FALSE	FALSE	FALSE
428	4.059722222	0.767845043	0.049770938	0.718074105	0.817615982	FALSE	FALSE	FALSE
355	3.352777778	0.750064394	0.049937826	0.700126568	0.80000222	FALSE	FALSE	FALSE
385	3.636111111	0.800612889	0.049352935	0.751259954	0.849965824	FALSE	FALSE	FALSE
390	3.683333333	0.753460503	0.049955345	0.703505158	0.803415848	FALSE	FALSE	FALSE
360	3.4	0.765822221	0.049739413	0.716082808	0.815561633	FALSE	FALSE	FALSE
355	3.352777778	0.786355149	0.049802468	0.736552682	0.836157617	FALSE	FALSE	FALSE
415	3.919444444	0.75643357	0.049953002	0.706480568	0.806386572	FALSE	FALSE	FALSE
340	3.211111111	0.818640989	0.049306707	0.769334282	0.867947696	FALSE	FALSE	FALSE
270	2.55	0.802462461	0.049593667	0.752868793	0.852056128	FALSE	FALSE	FALSE
295	2.786111111	0.735883764	0.049787535	0.68609623	0.785671299	FALSE	FALSE	FALSE
410	3.872222222	0.745618247	0.049954258	0.695663989	0.795572505	FALSE	FALSE	FALSE
370	3.494444444	0.758571832	0.049981693	0.708590138	0.808553525	FALSE	FALSE	FALSE
405	3.825	0.715272313	0.049455893	0.665816419	0.764728206	FALSE	FALSE	FALSE
210	1.983333333	0.809194647	0.049850006	0.75934464	0.859044653	FALSE	FALSE	FALSE
280	2.644444444	0.731134382	0.049672258	0.681462124	0.780806641	FALSE	FALSE	FALSE
280	2.644444444	0.800475564	0.049293775	0.75118179	0.849769339	FALSE	FALSE	FALSE
368	3.480555556	0.736437836	0.049882075	0.686555761	0.786319911	FALSE	FALSE	FALSE
443	4.188888889	0.715944626	0.049777362	0.666167264	0.765721988	FALSE	FALSE	FALSE
255	2.408333333	0.816632103	0.049461497	0.767170605	0.8660936	FALSE	FALSE	FALSE
377	3.568055556	0.786484343	0.049959546	0.736524797	0.836443888	FALSE	FALSE	FALSE
476	4.505555556	0.777270201	0.048380183	0.728890018	0.825650385	FALSE	FALSE	FALSE
392	3.709722222	0.771034159	0.049744586	0.721289573	0.820778746	FALSE	FALSE	FALSE
410	3.872222222	0.771458844	0.049626207	0.721832637	0.821085051	FALSE	FALSE	FALSE
425	4.013888889	0.741351627	0.049395337	0.69195629	0.790746964	FALSE	FALSE	FALSE
440	4.155555556	0.7818777	0.049523349	0.732354351	0.831401048	FALSE	FALSE	FALSE
325	3.069444444	0.731242265	0.049778066	0.681464199	0.781020331	FALSE	FALSE	FALSE
472	4.465277778	0.751872292	0.049876476	0.701995816	0.801748768	FALSE	FALSE	FALSE
549	5.1875	0.716110714	0.049913748	0.666196966	0.766024462	FALSE	FALSE	FALSE
420	3.966666667	0.771550165	0.049737014	0.721813151	0.821287179	FALSE	FALSE	FALSE
512	4.843055556	0.728635362	0.049956162	0.6786792	0.778591524	FALSE	FALSE	FALSE
450	4.2625	0.769390413	0.049662619	0.719727794	0.819053031	FALSE	FALSE	FALSE
314	2.968055556	0.801224876	0.049961375	0.751263501	0.851186251	FALSE	FALSE	FALSE
325	3.069444444	0.717842256	0.049663566	0.668178689	0.767505822	FALSE	FALSE	FALSE
440	4.168055556	0.780856552	0.04979121	0.731065342	0.830647763	FALSE	FALSE	FALSE
465	4.391666667	0.740014689	0.049881137	0.690133553	0.789895826	FALSE	FALSE	FALSE
446	4.222222222	0.742317051	0.049647624	0.692669427	0.791964675	FALSE	FALSE	FALSE
332	3.143055556	0.749828642	0.04959237	0.700236272	0.799421011	FALSE	FALSE	FALSE
430	4.061111111	0.73895574	0.049789939	0.6891658	0.788745679	FALSE	FALSE	FALSE
445	4.202777778	0.723280986	0.049918647	0.673362338	0.773199633	FALSE	FALSE	FALSE
370	3.494444444	0.743103831	0.04974182	0.693362011	0.792845651	FALSE	FALSE	FALSE
305	2.880555556	0.810487986	0.049802998	0.760684989	0.860290984	FALSE	FALSE	FALSE
410	3.872222222	0.74938141	0.049628107	0.699753303	0.799009517	FALSE	FALSE	FALSE
350	3.305555556	0.779306305	0.049838345	0.72946796	0.829144649	FALSE	FALSE	FALSE
426	4.033333333	0.756155901	0.048654066	0.707501835	0.804809967	FALSE	FALSE	FALSE
464	4.384722222	0.748050029	0.049896496	0.698153533	0.797946525	FALSE	FALSE	FALSE
325	3.069444444	0.701674035	0.049939305	0.65173473	0.75161334	FALSE	FALSE	FALSE
365	3.447222222	0.775276374	0.049490525	0.725785849	0.824766898	FALSE	FALSE	FALSE
440	4.155555556	0.763711951	0.049840123	0.713871828	0.813552074	FALSE	FALSE	FALSE
455	4.297222222	0.757440539	0.049998396	0.707442143	0.807438936	FALSE	FALSE	FALSE
495	4.675	0.774148945	0.049027418	0.725121527	0.823176363	FALSE	FALSE	FALSE
438	4.141666667	0.781914252	0.049666642	0.73224761	0.831580894	FALSE	FALSE	FALSE
320	3.022222222	0.751532223	0.049593273	0.70193895	0.801125496	FALSE	FALSE	FALSE
250	2.361111111	0.772267485	0.04911296	0.723154525	0.821380445	FALSE	FALSE	FALSE
285	2.691666667	0.735632328	0.049999422	0.685632907	0.78563175	FALSE	FALSE	FALSE
385	3.636111111	0.762344342	0.04987356	0.712470782	0.812217902	FALSE	FALSE	FALSE
472	4.465277778	0.751088786	0.049892537	0.701196249	0.800981323	FALSE	FALSE	FALSE
370	3.494444444	0.752916915	0.049762733	0.703154183	0.802679648	FALSE	FALSE	FALSE
55	0.519444444	0.748668299	0.048144466	0.700523833	0.796812765	FALSE	FALSE	FALSE
455	4.297222222	0.735287039	0.049947597	0.685339442	0.785234636	FALSE	FALSE	FALSE
320	3.022222222	0.71674428	0.049901994	0.666842287	0.766646274	FALSE	FALSE	FALSE
549	5.1875	0.757015969	0.049658068	0.707357902	0.806674037	FALSE	FALSE	FALSE
380	3.588888889	0.773837729	0.049742409	0.72409532	0.823580137	FALSE	FALSE	FALSE
470	4.438888889	0.754246194	0.049769993	0.704476201	0.804016186	FALSE	FALSE	FALSE
408	3.870833333	0.798510173	0.049659946	0.748850227	0.848170119	FALSE	FALSE	FALSE
30	0.283333333	0.922954953	0	0.922954953	0.922954953	TRUE	FALSE	FALSE
335	3.163888889	0.797550728	0.049697774	0.747852954	0.847248502	FALSE	FALSE	FALSE
198	1.875	0.79371926	0.048770964	0.744948296	0.842490224	FALSE	FALSE	FALSE
237	2.245833333	0.780791975	0.049346083	0.731445892	0.830138058	FALSE	FALSE	FALSE
355	3.352777778	0.759045207	0.049948719	0.709096489	0.808993926	FALSE	FALSE	FALSE
405	3.825	0.737482449	0.049855849	0.6876266	0.787338299	FALSE	FALSE	FALSE
373	3.527777778	0.765251245	0.049585646	0.715665599	0.814836891	FALSE	FALSE	FALSE
460	4.344444444	0.722216877	0.049971557	0.672245319	0.772188434	FALSE	FALSE	FALSE
515	4.863888889	0.691326491	0.049718894	0.641607597	0.741045384	FALSE	FALSE	FALSE
395	3.730555556	0.719636002	0.049849634	0.669786369	0.769485636	FALSE	FALSE	FALSE
445	4.202777778	0.740591107	0.049969397	0.69062171	0.790560504	FALSE	FALSE	FALSE
435	4.108333333	0.753815904	0.049855655	0.703960249	0.80367156	FALSE	FALSE	FALSE
305	2.880555556	0.783539327	0.049523842	0.734015484	0.833063169	FALSE	FALSE	FALSE
479	4.526388889	0.685786985	0.049999349	0.635787636	0.735786334	FALSE	FALSE	FALSE
30	0.283333333	0.942216214	0.03775138	0.904464835	0.979967594	FALSE	FALSE	FALSE
441	4.175	0.75209183	0.04981234	0.702279489	0.80190417	FALSE	FALSE	FALSE
450	4.25	0.746666	0.049614739	0.697051261	0.796280739	FALSE	FALSE	FALSE
375	3.541666667	0.76104531	0.049792174	0.711253137	0.810837484	FALSE	FALSE	FALSE
385	3.636111111	0.777153413	0.049642331	0.727511082	0.826795744	FALSE	FALSE	FALSE
395	3.730555556	0.762872392	0.049670086	0.713202305	0.812542478	FALSE	FALSE	FALSE
410	3.872222222	0.765656493	0.049626145	0.716030348	0.815282639	FALSE	FALSE	FALSE
415	3.919444444	0.764499361	0.049961008	0.714538353	0.81446037	FALSE	FALSE	FALSE
480	4.533333333	0.751827969	0.049397144	0.702430825	0.801225113	FALSE	FALSE	FALSE
355	3.352777778	0.797057259	0.049819073	0.747238186	0.846876332	FALSE	FALSE	FALSE
425	4.013888889	0.806332331	0.049924592	0.756407739	0.856256923	FALSE	FALSE	FALSE
389	3.676388889	0.751980732	0.049730334	0.702250399	0.801711066	FALSE	FALSE	FALSE
469	4.431944444	0.755748068	0.049985368	0.7057627	0.805733436	FALSE	FALSE	FALSE
415	3.919444444	0.728944093	0.049851726	0.679092368	0.778795819	FALSE	FALSE	FALSE
305	2.880555556	0.779102772	0.049260286	0.729842485	0.828363058	FALSE	FALSE	FALSE
365	3.447222222	0.813746205	0.049397922	0.764348283	0.863144127	FALSE	FALSE	FALSE
441	4.175	0.743634412	0.049949158	0.693685253	0.79358357	FALSE	FALSE	FALSE
290	2.738888889	0.779629715	0.049463822	0.730165893	0.829093537	FALSE	FALSE	FALSE
30	0.283333333	0.884432429	0	0.884432429	0.884432429	TRUE	FALSE	FALSE
372	3.520833333	0.814034319	0.049801012	0.764233307	0.863835331	FALSE	FALSE	FALSE
426	4.045833333	0.735125273	0.04941667	0.685708604	0.784541943	FALSE	FALSE	FALSE
130	1.227777778	0.832585584	0.04915263	0.783432954	0.881738213	FALSE	FALSE	FALSE
455	4.297222222	0.718278227	0.049936894	0.668341333	0.76821512	FALSE	FALSE	FALSE
415	3.919444444	0.756209529	0.04945222	0.70675731	0.805661749	FALSE	FALSE	FALSE
420	3.966666667	0.731571117	0.049789055	0.681782062	0.781360172	FALSE	FALSE	FALSE
360	3.4	0.750568498	0.049437183	0.701131315	0.800005681	FALSE	FALSE	FALSE
335	3.163888889	0.788951023	0.049747631	0.739203392	0.838698653	FALSE	FALSE	FALSE
413	3.905555556	0.730968209	0.049907885	0.681060324	0.780876094	FALSE	FALSE	FALSE
30	0.283333333	0.948636635	0.025167586	0.923469049	0.973804221	FALSE	FALSE	FALSE
437	4.134722222	0.736597452	0.04939182	0.687205632	0.785989272	FALSE	FALSE	FALSE
424	4.006944444	0.744623872	0.049759768	0.694864105	0.79438364	FALSE	FALSE	FALSE
322	3.048611111	0.799187096	0.049733512	0.749453584	0.848920608	FALSE	FALSE	FALSE
395	3.730555556	0.751037735	0.049586952	0.701450784	0.800624687	FALSE	FALSE	FALSE
405	3.825	0.754978052	0.049690854	0.705287199	0.804668906	FALSE	FALSE	FALSE
390	3.683333333	0.760713894	0.04976752	0.710946374	0.810481414	FALSE	FALSE	FALSE
462	4.370833333	0.751218007	0.049931956	0.701286051	0.801149963	FALSE	FALSE	FALSE
270	2.55	0.821850577	0.049899282	0.771951295	0.87174986	FALSE	FALSE	FALSE
493	4.661111111	0.772103827	0.049701008	0.722402819	0.821804835	FALSE	FALSE	FALSE
420	3.966666667	0.718959529	0.049964643	0.668994886	0.768924173	FALSE	FALSE	FALSE
455	4.297222222	0.722236152	0.04951708	0.672719073	0.771753232	FALSE	FALSE	FALSE
332	3.143055556	0.772288521	0.049779839	0.722508682	0.822068359	FALSE	FALSE	FALSE
295	2.786111111	0.764247834	0.049789489	0.714458344	0.814037323	FALSE	FALSE	FALSE
390	3.683333333	0.729587473	0.049789182	0.67979829	0.779376655	FALSE	FALSE	FALSE
295	2.786111111	0.80633758	0.049975461	0.756362119	0.85631304	FALSE	FALSE	FALSE
415	3.919444444	0.755221177	0.049915447	0.70530573	0.805136623	FALSE	FALSE	FALSE
180	1.7	0.807354728	0.049988279	0.757366448	0.857343007	FALSE	FALSE	FALSE
435	4.108333333	0.749604132	0.049577041	0.700027091	0.799181174	FALSE	FALSE	FALSE
35	0.330555556	0.922954953	0	0.922954953	0.922954953	TRUE	FALSE	FALSE
30	0.283333333	0.903693691	0.03775138	0.865942311	0.94144507	FALSE	FALSE	FALSE
349	3.298611111	0.794996138	0.049430953	0.745565185	0.84442709	FALSE	FALSE	FALSE
425	4.013888889	0.782667861	0.049380934	0.733286927	0.832048795	FALSE	FALSE	FALSE
295	2.786111111	0.782993545	0.049932708	0.733060837	0.832926252	FALSE	FALSE	FALSE
410	3.872222222	0.764827661	0.04962933	0.715198331	0.814456991	FALSE	FALSE	FALSE
352	3.331944444	0.818132093	0.049269965	0.768862128	0.867402058	FALSE	FALSE	FALSE
425	4.013888889	0.745138907	0.049927503	0.695211403	0.79506641	FALSE	FALSE	FALSE
390	3.683333333	0.787139024	0.049683952	0.737455072	0.836822976	FALSE	FALSE	FALSE
250	2.361111111	0.799814761	0.049437308	0.750377453	0.849252069	FALSE	FALSE	FALSE
380	3.588888889	0.758909308	0.049857524	0.709051784	0.808766832	FALSE	FALSE	FALSE
230	2.172222222	0.773637792	0.049058471	0.724579321	0.822696263	FALSE	FALSE	FALSE
338	3.197222222	0.789635988	0.049836958	0.73979903	0.839472947	FALSE	FALSE	FALSE
360	3.4	0.784854163	0.049498775	0.735355388	0.834352939	FALSE	FALSE	FALSE
45	0.425	0.861364218	0.045212863	0.816151355	0.906577081	FALSE	FALSE	FALSE
399	3.770833333	0.774051445	0.049694495	0.72435695	0.82374594	FALSE	FALSE	FALSE
425	4.013888889	0.778252883	0.04983425	0.728418633	0.828087133	FALSE	FALSE	FALSE
385	3.636111111	0.742404689	0.049860052	0.692544637	0.792264741	FALSE	FALSE	FALSE
376	3.561111111	0.759564735	0.049925222	0.709639513	0.809489958	FALSE	FALSE	FALSE
439	4.148611111	0.760760071	0.049813822	0.710946249	0.810573893	FALSE	FALSE	FALSE
365	3.447222222	0.735895956	0.049745406	0.68615055	0.785641362	FALSE	FALSE	FALSE
390	3.683333333	0.788545848	0.04960251	0.738943338	0.838148357	FALSE	FALSE	FALSE
368	3.480555556	0.753242026	0.049710765	0.703531262	0.802952791	FALSE	FALSE	FALSE
420	3.966666667	0.732539103	0.049123271	0.683415831	0.781662374	FALSE	FALSE	FALSE
425	4.013888889	0.721629436	0.04997814	0.671651296	0.771607577	FALSE	FALSE	FALSE
30	0.283333333	0.913324322	0.01887569	0.894448632	0.932200011	FALSE	FALSE	FALSE
405	3.825	0.735779973	0.049980896	0.685799078	0.785760869	FALSE	FALSE	FALSE
350	3.305555556	0.779547021	0.049917922	0.729629099	0.829464944	FALSE	FALSE	FALSE
380	3.588888889	0.77541707	0.049689006	0.725728064	0.825106076	FALSE	FALSE	FALSE
30	0.283333333	0.807387382	0	0.807387382	0.807387382	TRUE	FALSE	FALSE
450	4.25	0.707211134	0.049569249	0.657641885	0.756780383	FALSE	FALSE	FALSE
440	4.168055556	0.733918854	0.049799799	0.684119055	0.783718654	FALSE	FALSE	FALSE
205	1.936111111	0.778733331	0.049684795	0.729048536	0.828418127	FALSE	FALSE	FALSE
459	4.3375	0.709166515	0.049816595	0.65934992	0.758983109	FALSE	FALSE	FALSE
355	3.352777778	0.749624392	0.049661914	0.699962478	0.799286306	FALSE	FALSE	FALSE
390	3.683333333	0.72536261	0.049937805	0.675424805	0.775300416	FALSE	FALSE	FALSE
480	4.533333333	0.760813331	0.04972136	0.711091972	0.810534691	FALSE	FALSE	FALSE
465	4.391666667	0.736856527	0.049466128	0.687390399	0.786322655	FALSE	FALSE	FALSE
335	3.163888889	0.777596608	0.049711645	0.727884963	0.827308254	FALSE	FALSE	FALSE
340	3.211111111	0.766264477	0.049769426	0.716495051	0.816033903	FALSE	FALSE	FALSE
470	4.438888889	0.763725673	0.049979851	0.713745822	0.813705523	FALSE	FALSE	FALSE
365	3.447222222	0.774411612	0.049793898	0.724617714	0.82420551	FALSE	FALSE	FALSE
335	3.163888889	0.790617508	0.049647308	0.740970199	0.840264816	FALSE	FALSE	FALSE
370	3.506944444	0.737138537	0.049961759	0.687176778	0.787100296	FALSE	FALSE	FALSE
506	4.788888889	0.755312426	0.049992275	0.705320151	0.805304701	FALSE	FALSE	FALSE
170	1.605555556	0.814719678	0.049158972	0.765560706	0.863878651	FALSE	FALSE	FALSE
500	4.722222222	0.743326832	0.049886849	0.693439984	0.793213681	FALSE	FALSE	FALSE
305	2.880555556	0.784886681	0.049419482	0.735467199	0.834306163	FALSE	FALSE	FALSE
350	3.305555556	0.775454218	0.049832487	0.72562173	0.825286705	FALSE	FALSE	FALSE
360	3.4	0.774935644	0.049888105	0.725047539	0.824823748	FALSE	FALSE	FALSE
505	4.769444444	0.737205725	0.049954981	0.687250745	0.787160706	FALSE	FALSE	FALSE
125	1.180555556	0.874881079	0.048101582	0.826779497	0.922982661	FALSE	FALSE	FALSE
400	3.777777778	0.775852266	0.049678387	0.72617388	0.825530653	FALSE	FALSE	FALSE
290	2.738888889	0.787570583	0.049492204	0.738078379	0.837062787	FALSE	FALSE	FALSE
293	2.772222222	0.795596299	0.049997912	0.745598386	0.845594211	FALSE	FALSE	FALSE
410	3.872222222	0.743130992	0.049803633	0.693327358	0.792934625	FALSE	FALSE	FALSE
388	3.669444444	0.773076284	0.049867412	0.723208872	0.822943696	FALSE	FALSE	FALSE
50	0.472222222	0.903693691	0.03775138	0.865942311	0.94144507	FALSE	FALSE	FALSE
270	2.55	0.777453022	0.04986931	0.727583712	0.827322332	FALSE	FALSE	FALSE
305	2.880555556	0.795834386	0.049407615	0.746426771	0.845242001	FALSE	FALSE	FALSE
434	4.101388889	0.730278762	0.049810843	0.680467919	0.780089606	FALSE	FALSE	FALSE
440	4.155555556	0.766257799	0.049820561	0.716437239	0.81607836	FALSE	FALSE	FALSE
370	3.494444444	0.776602679	0.049914824	0.726687855	0.826517502	FALSE	FALSE	FALSE
480	4.533333333	0.744162161	0.049932352	0.694229809	0.794094512	FALSE	FALSE	FALSE
316	2.994444444	0.759004421	0.049359151	0.709645269	0.808363572	FALSE	FALSE	FALSE
380	3.588888889	0.784145551	0.049235022	0.734910529	0.833380573	FALSE	FALSE	FALSE
30	0.283333333	0.922954953	0.043591538	0.879363414	0.966546491	FALSE	FALSE	FALSE
440	4.155555556	0.746780763	0.049554775	0.697225988	0.796335538	FALSE	FALSE	FALSE
350	3.305555556	0.760199814	0.049603812	0.710596002	0.809803626	FALSE	FALSE	FALSE
433	4.094444444	0.773102919	0.049898301	0.723204619	0.82300122	FALSE	FALSE	FALSE
345	3.258333333	0.779419418	0.049722551	0.729696867	0.82914197	FALSE	FALSE	FALSE
450	4.25	0.739217901	0.049812444	0.689405457	0.789030345	FALSE	FALSE	FALSE
420	3.966666667	0.761021646	0.049635627	0.711386019	0.810657274	FALSE	FALSE	FALSE
420	3.966666667	0.761021646	0.049947937	0.71107371	0.810969583	FALSE	FALSE	FALSE
384	3.629166667	0.754487628	0.049564817	0.704922811	0.804052445	FALSE	FALSE	FALSE
295	2.786111111	0.763281322	0.049293155	0.713988167	0.812574476	FALSE	FALSE	FALSE
400	3.777777778	0.764337715	0.049793797	0.714543918	0.814131511	FALSE	FALSE	FALSE
355	3.352777778	0.771359618	0.049139017	0.7222206	0.820498635	FALSE	FALSE	FALSE
293	2.772222222	0.804388706	0.049476808	0.754911898	0.853865514	FALSE	FALSE	FALSE
395	3.730555556	0.749143667	0.049892372	0.699251295	0.799036038	FALSE	FALSE	FALSE
423	4	0.761639897	0.049411828	0.712228069	0.811051725	FALSE	FALSE	FALSE
385	3.636111111	0.752698885	0.049809838	0.702889047	0.802508723	FALSE	FALSE	FALSE
512	4.843055556	0.722664169	0.04981511	0.672849059	0.772479279	FALSE	FALSE	FALSE
466	4.411111111	0.747557458	0.04970097	0.697856488	0.797258427	FALSE	FALSE	FALSE
358	3.386111111	0.761145052	0.049763822	0.711381231	0.810908874	FALSE	FALSE	FALSE
310	2.927777778	0.818978333	0.049222101	0.769756232	0.868200435	FALSE	FALSE	FALSE
325	3.069444444	0.770826852	0.049438306	0.721388545	0.820265158	FALSE	FALSE	FALSE
375	3.541666667	0.760236075	0.049934343	0.710301732	0.810170418	FALSE	FALSE	FALSE
410	3.872222222	0.727788902	0.049740479	0.678048424	0.777529381	FALSE	FALSE	FALSE
310	2.927777778	0.754177509	0.049903299	0.70427421	0.804080808	FALSE	FALSE	FALSE
453	4.283333333	0.756022266	0.049653529	0.706368737	0.805675794	FALSE	FALSE	FALSE
355	3.352777778	0.783372727	0.049990024	0.733382703	0.833362751	FALSE	FALSE	FALSE
447	4.229166667	0.752609108	0.049823652	0.702785456	0.80243276	FALSE	FALSE	FALSE
400	3.777777778	0.746571863	0.049732615	0.696839248	0.796304478	FALSE	FALSE	FALSE
368	3.480555556	0.783553831	0.049987058	0.733566773	0.833540889	FALSE	FALSE	FALSE
410	3.872222222	0.715537126	0.049932222	0.665604904	0.765469348	FALSE	FALSE	FALSE
375	3.541666667	0.741228469	0.049879626	0.691348843	0.791108094	FALSE	FALSE	FALSE
455	4.297222222	0.718863676	0.049817647	0.669046029	0.768681322	FALSE	FALSE	FALSE
450	4.25	0.762844677	0.049744272	0.713100405	0.81258895	FALSE	FALSE	FALSE
382	3.615277778	0.769554388	0.049830022	0.719724365	0.81938441	FALSE	FALSE	FALSE
390	3.683333333	0.78466126	0.049856475	0.734804785	0.834517734	FALSE	FALSE	FALSE
385	3.636111111	0.75015773	0.049427192	0.700730538	0.799584921	FALSE	FALSE	FALSE
380	3.588888889	0.770327639	0.049856749	0.72047089	0.820184389	FALSE	FALSE	FALSE
355	3.352777778	0.74918966	0.04974396	0.6994457	0.798933619	FALSE	FALSE	FALSE
455	4.297222222	0.748852275	0.049915048	0.698937227	0.798767323	FALSE	FALSE	FALSE
515	4.863888889	0.735140955	0.04961637	0.685524585	0.784757325	FALSE	FALSE	FALSE
385	3.636111111	0.743815877	0.049843012	0.693972865	0.79365889	FALSE	FALSE	FALSE
275	2.597222222	0.783026299	0.049680359	0.73334594	0.832706658	FALSE	FALSE	FALSE
555	5.241666667	0.704566351	0.049765694	0.654800657	0.754332044	FALSE	FALSE	FALSE
315	2.975	0.811661123	0.04969464	0.761966484	0.861355763	FALSE	FALSE	FALSE
220	2.077777778	0.811570627	0.049437398	0.762133229	0.861008025	FALSE	FALSE	FALSE
425	4.013888889	0.745166269	0.049732196	0.695434073	0.794898464	FALSE	FALSE	FALSE
445	4.202777778	0.770592029	0.049611792	0.720980237	0.820203821	FALSE	FALSE	FALSE
230	2.172222222	0.819837362	0.049818697	0.770018664	0.869656059	FALSE	FALSE	FALSE
415	3.919444444	0.762922257	0.04941458	0.713507678	0.812336837	FALSE	FALSE	FALSE
225	2.125	0.815957509	0.048981026	0.766976484	0.864938535	FALSE	FALSE	FALSE
388	3.669444444	0.753994634	0.049634191	0.704360443	0.803628825	FALSE	FALSE	FALSE
475	4.486111111	0.752978662	0.049644051	0.70333461	0.802622713	FALSE	FALSE	FALSE
339	3.204166667	0.752615084	0.049795413	0.702819671	0.802410497	FALSE	FALSE	FALSE
350	3.305555556	0.783668913	0.0496507	0.734018214	0.833319613	FALSE	FALSE	FALSE
485	4.580555556	0.783816448	0.0496544	0.734162048	0.833470848	FALSE	FALSE	FALSE
350	3.305555556	0.773266304	0.049611268	0.723655036	0.822877572	FALSE	FALSE	FALSE
430	4.061111111	0.752339131	0.049987194	0.702351937	0.802326324	FALSE	FALSE	FALSE
465	4.391666667	0.755345251	0.049685545	0.705659707	0.805030796	FALSE	FALSE	FALSE
370	3.494444444	0.724087169	0.049979272	0.674107897	0.774066441	FALSE	FALSE	FALSE
380	3.588888889	0.785751098	0.049923053	0.735828044	0.835674151	FALSE	FALSE	FALSE
370	3.494444444	0.766520191	0.049734313	0.716785878	0.816254504	FALSE	FALSE	FALSE
400	3.777777778	0.75815852	0.049821591	0.708336928	0.807980111	FALSE	FALSE	FALSE
370	3.494444444	0.780758254	0.049572834	0.731185421	0.830331088	FALSE	FALSE	FALSE
395	3.730555556	0.734285107	0.04941627	0.684868837	0.783701376	FALSE	FALSE	FALSE
370	3.494444444	0.790824167	0.049696999	0.741127169	0.840521166	FALSE	FALSE	FALSE
295	2.786111111	0.769927223	0.049700949	0.720226274	0.819628172	FALSE	FALSE	FALSE
370	3.494444444	0.767035449	0.049954131	0.717081318	0.816989581	FALSE	FALSE	FALSE
345	3.258333333	0.781500077	0.049498158	0.732001919	0.830998235	FALSE	FALSE	FALSE
295	2.786111111	0.78937854	0.04966498	0.739713559	0.83904352	FALSE	FALSE	FALSE
430	4.061111111	0.751342662	0.049777291	0.701565371	0.801119953	FALSE	FALSE	FALSE
383	3.634722222	0.76705714	0.049440331	0.717616809	0.816497471	FALSE	FALSE	FALSE
590	5.572222222	0.704263008	0.049530187	0.654732821	0.753793194	FALSE	FALSE	FALSE
355	3.352777778	0.755031887	0.049741212	0.705290675	0.804773099	FALSE	FALSE	FALSE
567	5.3625	0.747401939	0.049676886	0.697725053	0.797078825	FALSE	FALSE	FALSE
430	4.061111111	0.728923227	0.049906259	0.679016968	0.778829486	FALSE	FALSE	FALSE
340	3.211111111	0.780909378	0.049553803	0.731355576	0.830463181	FALSE	FALSE	FALSE
430	4.061111111	0.755198941	0.049740648	0.705458293	0.804939589	FALSE	FALSE	FALSE
45	0.425	0.922954953	0.043591538	0.879363414	0.966546491	FALSE	FALSE	FALSE
415	3.919444444	0.74878428	0.049906635	0.698877644	0.798690915	FALSE	FALSE	FALSE
360	3.4	0.792962165	0.049591891	0.743370274	0.842554055	FALSE	FALSE	FALSE
422	3.993055556	0.752384913	0.049813234	0.702571679	0.802198147	FALSE	FALSE	FALSE
360	3.4	0.737092214	0.049718916	0.687373298	0.78681113	FALSE	FALSE	FALSE
405	3.825	0.761517996	0.049680993	0.711837003	0.811198988	FALSE	FALSE	FALSE
400	3.777777778	0.726471383	0.049602985	0.676868398	0.776074368	FALSE	FALSE	FALSE
350	3.305555556	0.783500299	0.049557198	0.7339431	0.833057497	FALSE	FALSE	FALSE
440	4.155555556	0.773357102	0.049831464	0.723525639	0.823188566	FALSE	FALSE	FALSE
400	3.777777778	0.764634818	0.049644459	0.71499036	0.814279277	FALSE	FALSE	FALSE
35	0.330555556	0.784319171	0.045212863	0.739106308	0.829532033	FALSE	FALSE	FALSE
385	3.636111111	0.740968438	0.049595814	0.691372623	0.790564252	FALSE	FALSE	FALSE
365	3.447222222	0.728531683	0.049804588	0.678727095	0.778336271	FALSE	FALSE	FALSE
453	4.295833333	0.723237907	0.049243336	0.67399457	0.772481243	FALSE	FALSE	FALSE
475	4.486111111	0.720567805	0.049815188	0.670752616	0.770382993	FALSE	FALSE	FALSE
300	2.833333333	0.764200358	0.049499738	0.71470062	0.813700096	FALSE	FALSE	FALSE
185	1.747222222	0.793466321	0.049933969	0.743532352	0.84340029	FALSE	FALSE	FALSE
30	0.283333333	0.865171167	0.03775138	0.827419788	0.902922547	FALSE	FALSE	FALSE
479	4.538888889	0.762745559	0.049576965	0.713168594	0.812322524	FALSE	FALSE	FALSE
436	4.127777778	0.720524239	0.049896764	0.670627474	0.770421003	FALSE	FALSE	FALSE
420	3.966666667	0.763865314	0.04998949	0.713875824	0.813854803	FALSE	FALSE	FALSE
395	3.730555556	0.780282267	0.049972432	0.730309835	0.8302547	FALSE	FALSE	FALSE
418	3.952777778	0.758160445	0.049875673	0.708284771	0.808036118	FALSE	FALSE	FALSE
335	3.163888889	0.775730408	0.049966325	0.725764083	0.825696732	FALSE	FALSE	FALSE
340	3.211111111	0.717988339	0.04983886	0.668149479	0.767827199	FALSE	FALSE	FALSE
495	4.675	0.774965346	0.049831719	0.725133627	0.824797064	FALSE	FALSE	FALSE
449	4.243055556	0.733198945	0.049619663	0.683579282	0.782818608	FALSE	FALSE	FALSE
479	4.526388889	0.742060332	0.049617408	0.692442923	0.79167774	FALSE	FALSE	FALSE
370	3.494444444	0.73768901	0.049485175	0.688203834	0.787174185	FALSE	FALSE	FALSE
414	3.9125	0.76593758	0.049976905	0.715960675	0.815914485	FALSE	FALSE	FALSE
285	2.691666667	0.793663704	0.049178458	0.744485246	0.842842162	FALSE	FALSE	FALSE
115	1.086111111	0.876818531	0.038717982	0.838100548	0.915536513	FALSE	FALSE	FALSE
457	4.323611111	0.734921229	0.04991144	0.685009789	0.784832669	FALSE	FALSE	FALSE
270	2.55	0.800824568	0.04925079	0.751573777	0.850075358	FALSE	FALSE	FALSE
375	3.541666667	0.76765397	0.049635461	0.718018509	0.817289431	FALSE	FALSE	FALSE
450	4.25	0.787979979	0.049916009	0.73806397	0.837895988	FALSE	FALSE	FALSE
385	3.636111111	0.755057056	0.049782242	0.705274813	0.804839298	FALSE	FALSE	FALSE
440	4.155555556	0.761644157	0.049844341	0.711799816	0.811488498	FALSE	FALSE	FALSE
422	3.993055556	0.753323076	0.049748784	0.703574293	0.80307186	FALSE	FALSE	FALSE
304	2.873611111	0.788247402	0.049438242	0.73880916	0.837685644	FALSE	FALSE	FALSE
335	3.163888889	0.797415465	0.049793715	0.74762175	0.84720918	FALSE	FALSE	FALSE
365	3.447222222	0.803670745	0.049942005	0.75372874	0.85361275	FALSE	FALSE	FALSE
350	3.305555556	0.773361777	0.049976376	0.723385401	0.823338153	FALSE	FALSE	FALSE
484	4.573611111	0.729103539	0.049993226	0.679110313	0.779096765	FALSE	FALSE	FALSE
475	4.486111111	0.769740388	0.049785665	0.719954723	0.819526054	FALSE	FALSE	FALSE
415	3.919444444	0.741149598	0.049866753	0.691282845	0.79101635	FALSE	FALSE	FALSE
478	4.519444444	0.743090747	0.049908011	0.693182737	0.792998758	FALSE	FALSE	FALSE
449	4.243055556	0.694819208	0.049741137	0.645078071	0.744560345	FALSE	FALSE	FALSE
45	0.425	0.771503498	0.046519663	0.724983835	0.818023161	FALSE	FALSE	FALSE
428	4.047222222	0.779878699	0.049463012	0.730415687	0.829341711	FALSE	FALSE	FALSE
400	3.777777778	0.761140497	0.049957679	0.711182818	0.811098176	FALSE	FALSE	FALSE
389	3.676388889	0.798362921	0.049492785	0.748870136	0.847855707	FALSE	FALSE	FALSE
415	3.919444444	0.703919795	0.04994138	0.653978415	0.753861176	FALSE	FALSE	FALSE
380	3.588888889	0.764677673	0.049773945	0.714903728	0.814451617	FALSE	FALSE	FALSE
480	4.533333333	0.707513061	0.049832847	0.657680214	0.757345908	FALSE	FALSE	FALSE
513	4.85	0.73510592	0.049818029	0.685287891	0.784923949	FALSE	FALSE	FALSE
515	4.863888889	0.745065384	0.049785283	0.695280101	0.794850666	FALSE	FALSE	FALSE
375	3.541666667	0.796833632	0.049748597	0.747085035	0.846582229	FALSE	FALSE	FALSE
305	2.880555556	0.810270316	0.049711348	0.760558968	0.859981665	FALSE	FALSE	FALSE
355	3.352777778	0.775886155	0.04985196	0.726034195	0.825738115	FALSE	FALSE	FALSE
410	3.872222222	0.716094858	0.049843787	0.666251071	0.765938645	FALSE	FALSE	FALSE
420	3.966666667	0.745972181	0.049859732	0.696112449	0.795831912	FALSE	FALSE	FALSE
470	4.438888889	0.731669879	0.049810038	0.681859841	0.781479917	FALSE	FALSE	FALSE
400	3.777777778	0.724970117	0.049766917	0.6752032	0.774737034	FALSE	FALSE	FALSE
305	2.880555556	0.768024099	0.049966191	0.718057908	0.81799029	FALSE	FALSE	FALSE
310	2.927777778	0.795760814	0.049495755	0.746265059	0.845256569	FALSE	FALSE	FALSE
430	4.061111111	0.737776287	0.049738805	0.688037482	0.787515092	FALSE	FALSE	FALSE
440	4.155555556	0.725166973	0.049893882	0.675273091	0.775060855	FALSE	FALSE	FALSE
414	3.9125	0.751824263	0.049818522	0.702005742	0.801642785	FALSE	FALSE	FALSE
335	3.163888889	0.761595147	0.049707858	0.711887289	0.811303005	FALSE	FALSE	FALSE
370	3.494444444	0.778934916	0.049614007	0.729320909	0.828548924	FALSE	FALSE	FALSE
465	4.391666667	0.759350229	0.049867815	0.709482414	0.809218044	FALSE	FALSE	FALSE
330	3.116666667	0.767454871	0.049727163	0.717727709	0.817182034	FALSE	FALSE	FALSE
501	4.741666667	0.749079414	0.049857467	0.699221947	0.798936881	FALSE	FALSE	FALSE
460	4.344444444	0.723942372	0.049873046	0.674069326	0.773815419	FALSE	FALSE	FALSE
250	2.361111111	0.796419312	0.04950718	0.746912132	0.845926492	FALSE	FALSE	FALSE
190	1.794444444	0.803126424	0.049805487	0.753320937	0.852931911	FALSE	FALSE	FALSE
355	3.352777778	0.795554064	0.049771021	0.745783042	0.845325085	FALSE	FALSE	FALSE
395	3.730555556	0.731008482	0.049345275	0.681663207	0.780353757	FALSE	FALSE	FALSE
469	4.431944444	0.777893363	0.049128648	0.728764715	0.827022011	FALSE	FALSE	FALSE
290	2.738888889	0.739340239	0.049569217	0.689771022	0.788909456	FALSE	FALSE	FALSE
376	3.561111111	0.744148077	0.049957264	0.694190814	0.794105341	FALSE	FALSE	FALSE
333	3.15	0.793810323	0.049567692	0.744242631	0.843378016	FALSE	FALSE	FALSE
385	3.636111111	0.768166362	0.049794703	0.718371659	0.817961065	FALSE	FALSE	FALSE
465	4.391666667	0.762564514	0.04995432	0.712610193	0.812518834	FALSE	FALSE	FALSE
295	2.786111111	0.762891076	0.049070944	0.713820132	0.81196202	FALSE	FALSE	FALSE
381	3.608333333	0.759054537	0.049764946	0.709289591	0.808819483	FALSE	FALSE	FALSE
450	4.25	0.742441744	0.049944369	0.692497375	0.792386113	FALSE	FALSE	FALSE
425	4.013888889	0.763957675	0.049833738	0.714123937	0.813791413	FALSE	FALSE	FALSE
375	3.541666667	0.755660947	0.049702662	0.705958286	0.805363609	FALSE	FALSE	FALSE
390	3.683333333	0.767493276	0.049622618	0.717870658	0.817115895	FALSE	FALSE	FALSE
390	3.683333333	0.76004047	0.049680519	0.710359951	0.809720989	FALSE	FALSE	FALSE
485	4.580555556	0.7271249	0.049896811	0.677228089	0.777021711	FALSE	FALSE	FALSE
440	4.155555556	0.721693171	0.049613955	0.672079216	0.771307125	FALSE	FALSE	FALSE
470	4.438888889	0.705376039	0.049910589	0.65546545	0.755286628	FALSE	FALSE	FALSE
485	4.580555556	0.744260233	0.049881345	0.694378888	0.794141578	FALSE	FALSE	FALSE
345	3.258333333	0.773958674	0.049834448	0.724124226	0.823793122	FALSE	FALSE	FALSE
259	2.448611111	0.775408477	0.04966447	0.725744008	0.825072947	FALSE	FALSE	FALSE
30	0.283333333	0.865171167	0.03775138	0.827419788	0.902922547	FALSE	FALSE	FALSE
540	5.1	0.767190204	0.049914165	0.71727604	0.817104369	FALSE	FALSE	FALSE
403	3.811111111	0.74867591	0.049957713	0.698718197	0.798633623	FALSE	FALSE	FALSE
310	2.927777778	0.79381165	0.049251376	0.744560274	0.843063026	FALSE	FALSE	FALSE
415	3.919444444	0.768592269	0.049808547	0.718783722	0.818400816	FALSE	FALSE	FALSE
299	2.826388889	0.779006004	0.049801601	0.729204403	0.828807605	FALSE	FALSE	FALSE
260	2.455555556	0.778429928	0.049908412	0.728521516	0.82833834	FALSE	FALSE	FALSE
352	3.331944444	0.756271133	0.049248123	0.70702301	0.805519256	FALSE	FALSE	FALSE
65	0.613888889	0.839296092	0.049133851	0.790162242	0.888429943	FALSE	FALSE	FALSE
450	4.25	0.716070631	0.049840491	0.66623014	0.765911122	FALSE	FALSE	FALSE
445	4.202777778	0.762148429	0.049651649	0.71249678	0.811800077	FALSE	FALSE	FALSE
395	3.730555556	0.740585102	0.049971705	0.690613397	0.790556806	FALSE	FALSE	FALSE
345	3.258333333	0.749305413	0.049768057	0.699537356	0.79907347	FALSE	FALSE	FALSE
265	2.502777778	0.75781545	0.049969436	0.707846013	0.807784886	FALSE	FALSE	FALSE
460	4.344444444	0.725533803	0.049728624	0.67580518	0.775262427	FALSE	FALSE	FALSE
335	3.163888889	0.777765488	0.049678873	0.728086614	0.827444361	FALSE	FALSE	FALSE
450	4.25	0.734473031	0.049828098	0.684644933	0.78430113	FALSE	FALSE	FALSE
280	2.644444444	0.829138811	0.049372219	0.779766592	0.87851103	FALSE	FALSE	FALSE
420	3.966666667	0.756174328	0.049941742	0.706232587	0.80611607	FALSE	FALSE	FALSE
466	4.411111111	0.79157355	0.049144605	0.742428946	0.840718155	FALSE	FALSE	FALSE
494	4.668055556	0.756930566	0.04965509	0.707275477	0.806585656	FALSE	FALSE	FALSE
460	4.344444444	0.768796447	0.049964759	0.718831687	0.818761206	FALSE	FALSE	FALSE
455	4.297222222	0.752886042	0.049952153	0.702933889	0.802838196	FALSE	FALSE	FALSE
304	2.873611111	0.763603428	0.04993046	0.713672968	0.813533888	FALSE	FALSE	FALSE
425	4.013888889	0.751279935	0.049768171	0.701511764	0.801048107	FALSE	FALSE	FALSE
429	4.054166667	0.752105191	0.049896611	0.702208579	0.802001802	FALSE	FALSE	FALSE
575	5.430555556	0.764186101	0.049949194	0.714236907	0.814135295	FALSE	FALSE	FALSE
210	1.983333333	0.787071069	0.049488507	0.737582562	0.836559576	FALSE	FALSE	FALSE
340	3.211111111	0.771627511	0.049440925	0.722186585	0.821068436	FALSE	FALSE	FALSE
375	3.541666667	0.726277019	0.049660649	0.67661637	0.775937669	FALSE	FALSE	FALSE
460	4.344444444	0.757363098	0.049753243	0.707609855	0.807116341	FALSE	FALSE	FALSE
480	4.533333333	0.731345494	0.049959685	0.681385809	0.781305179	FALSE	FALSE	FALSE
470	4.438888889	0.725149305	0.049930144	0.675219161	0.775079449	FALSE	FALSE	FALSE
452	4.276388889	0.765274293	0.049732862	0.715541431	0.815007155	FALSE	FALSE	FALSE
372	3.520833333	0.761898652	0.049741551	0.712157101	0.811640203	FALSE	FALSE	FALSE
300	2.833333333	0.794240817	0.049852649	0.744388168	0.844093465	FALSE	FALSE	FALSE
355	3.352777778	0.784319335	0.049512364	0.734806972	0.833831699	FALSE	FALSE	FALSE
438	4.141666667	0.748286828	0.049691478	0.69859535	0.797978305	FALSE	FALSE	FALSE
310	2.927777778	0.808686763	0.049813356	0.758873407	0.858500118	FALSE	FALSE	FALSE
30	0.283333333	0.935795794	0.025167586	0.910628208	0.96096338	FALSE	FALSE	FALSE
390	3.683333333	0.744907506	0.049870554	0.695036952	0.79477806	FALSE	FALSE	FALSE
452	4.276388889	0.749534366	0.049593111	0.699941256	0.799127477	FALSE	FALSE	FALSE
425	4.013888889	0.775399575	0.049727513	0.725672062	0.825127088	FALSE	FALSE	FALSE
459	4.3375	0.736797897	0.049715216	0.687082681	0.786513113	FALSE	FALSE	FALSE
245	2.313888889	0.787463061	0.049580455	0.737882606	0.837043515	FALSE	FALSE	FALSE
325	3.069444444	0.788822093	0.049695399	0.739126694	0.838517492	FALSE	FALSE	FALSE
416	3.938888889	0.802157332	0.049909138	0.752248194	0.85206647	FALSE	FALSE	FALSE
393	3.716666667	0.751336083	0.049480357	0.701855726	0.80081644	FALSE	FALSE	FALSE
130	1.227777778	0.84145038	0.048833973	0.792616407	0.890284354	FALSE	FALSE	FALSE
355	3.352777778	0.816543401	0.049700525	0.766842876	0.866243925	FALSE	FALSE	FALSE
415	3.931944444	0.739475609	0.049860365	0.689615244	0.789335974	FALSE	FALSE	FALSE
365	3.447222222	0.721248049	0.049750807	0.671497242	0.770998856	FALSE	FALSE	FALSE
420	3.966666667	0.731259013	0.049807675	0.681451338	0.781066689	FALSE	FALSE	FALSE
385	3.636111111	0.760723579	0.04981769	0.710905889	0.810541269	FALSE	FALSE	FALSE
385	3.636111111	0.765284425	0.049669453	0.715614972	0.814953879	FALSE	FALSE	FALSE
330	3.116666667	0.8171879	0.049805117	0.767382783	0.866993016	FALSE	FALSE	FALSE
360	3.4	0.779768931	0.049849305	0.729919626	0.829618236	FALSE	FALSE	FALSE
370	3.494444444	0.737549937	0.049662105	0.687887831	0.787212042	FALSE	FALSE	FALSE
430	4.061111111	0.721959008	0.049891395	0.672067613	0.771850403	FALSE	FALSE	FALSE
480	4.533333333	0.753506689	0.049927071	0.703579618	0.80343376	FALSE	FALSE	FALSE
410	3.872222222	0.786210819	0.049495883	0.736714936	0.835706702	FALSE	FALSE	FALSE
35	0.330555556	0.668978116	0.045212863	0.623765254	0.714190979	FALSE	FALSE	FALSE
375	3.541666667	0.765702946	0.049825804	0.715877143	0.81552875	FALSE	FALSE	FALSE
445	4.202777778	0.777141257	0.049574866	0.727566391	0.826716123	FALSE	FALSE	FALSE
275	2.597222222	0.792717516	0.049662727	0.743054789	0.842380242	FALSE	FALSE	FALSE
355	3.352777778	0.755013404	0.049674218	0.705339186	0.804687623	FALSE	FALSE	FALSE
381	3.608333333	0.76193428	0.049504313	0.712429967	0.811438592	FALSE	FALSE	FALSE
365	3.447222222	0.773167383	0.049619133	0.72354825	0.822786517	FALSE	FALSE	FALSE
400	3.777777778	0.741566607	0.049885846	0.691680761	0.791452454	FALSE	FALSE	FALSE
399	3.770833333	0.766589525	0.049969636	0.716619889	0.816559161	FALSE	FALSE	FALSE
423	4	0.754130746	0.049270833	0.704859912	0.803401579	FALSE	FALSE	FALSE
370	3.494444444	0.76779498	0.049700928	0.718094051	0.817495908	FALSE	FALSE	FALSE
405	3.825	0.748879715	0.049832485	0.69904723	0.7987122	FALSE	FALSE	FALSE
548	5.180555556	0.75942141	0.049657645	0.709763765	0.809079055	FALSE	FALSE	FALSE
615	5.808333333	0.730076006	0.049950236	0.68012577	0.780026242	FALSE	FALSE	FALSE
410	3.872222222	0.766716782	0.049408234	0.717308548	0.816125016	FALSE	FALSE	FALSE
360	3.4	0.761704875	0.049919226	0.71178565	0.811624101	FALSE	FALSE	FALSE
355	3.352777778	0.757284068	0.049876403	0.707407665	0.807160471	FALSE	FALSE	FALSE
520	4.911111111	0.741015536	0.048461664	0.692553872	0.7894772	FALSE	FALSE	FALSE
435	4.108333333	0.740879248	0.049870253	0.691008995	0.7907495	FALSE	FALSE	FALSE
310	2.927777778	0.800431297	0.049599695	0.750831602	0.850030993	FALSE	FALSE	FALSE
370	3.494444444	0.743118125	0.049947185	0.69317094	0.793065311	FALSE	FALSE	FALSE
454	4.302777778	0.745727417	0.049810474	0.695916944	0.795537891	FALSE	FALSE	FALSE
431	4.080555556	0.753517255	0.049884454	0.703632801	0.803401709	FALSE	FALSE	FALSE
385	3.636111111	0.76771058	0.049711223	0.717999357	0.817421803	FALSE	FALSE	FALSE
325	3.069444444	0.787456685	0.04985012	0.737606565	0.837306805	FALSE	FALSE	FALSE
425	4.013888889	0.793078898	0.049955247	0.743123651	0.843034145	FALSE	FALSE	FALSE
515	4.863888889	0.749543234	0.049722911	0.699820323	0.799266146	FALSE	FALSE	FALSE
325	3.069444444	0.763956076	0.049890201	0.714065875	0.813846277	FALSE	FALSE	FALSE
475	4.486111111	0.731123692	0.04970983	0.681413862	0.780833523	FALSE	FALSE	FALSE
395	3.730555556	0.78783718	0.049667208	0.738169971	0.837504388	FALSE	FALSE	FALSE
360	3.4	0.76859021	0.049537773	0.719052437	0.818127982	FALSE	FALSE	FALSE
415	3.919444444	0.727748183	0.049478394	0.67826979	0.777226577	FALSE	FALSE	FALSE
255	2.408333333	0.795644214	0.049588148	0.746056066	0.845232363	FALSE	FALSE	FALSE
255	2.408333333	0.817405689	0.049939156	0.767466533	0.867344846	FALSE	FALSE	FALSE
432	4.0875	0.757813713	0.049677105	0.708136608	0.807490818	FALSE	FALSE	FALSE
465	4.391666667	0.730502563	0.049728906	0.680773657	0.780231468	FALSE	FALSE	FALSE
415	3.919444444	0.734990651	0.049715285	0.685275366	0.784705936	FALSE	FALSE	FALSE
418	3.952777778	0.752616409	0.049622632	0.702993778	0.802239041	FALSE	FALSE	FALSE
360	3.4	0.714394392	0.049958815	0.664435577	0.764353207	FALSE	FALSE	FALSE
396	3.75	0.739117681	0.049872174	0.689245507	0.788989854	FALSE	FALSE	FALSE
415	3.919444444	0.733562716	0.049355728	0.684206988	0.782918444	FALSE	FALSE	FALSE
535	5.052777778	0.711671743	0.049979959	0.661691784	0.761651702	FALSE	FALSE	FALSE
420	3.966666667	0.748025372	0.049471795	0.698553577	0.797497167	FALSE	FALSE	FALSE
365	3.447222222	0.764284517	0.049773288	0.714511228	0.814057805	FALSE	FALSE	FALSE
280	2.644444444	0.806084126	0.049950587	0.756133539	0.856034713	FALSE	FALSE	FALSE
320	3.022222222	0.781083688	0.049691549	0.731392139	0.830775237	FALSE	FALSE	FALSE
380	3.588888889	0.763640474	0.049707725	0.713932749	0.8133482	FALSE	FALSE	FALSE
398	3.763888889	0.735443134	0.049849826	0.685593308	0.785292961	FALSE	FALSE	FALSE
455	4.297222222	0.742216214	0.049735329	0.692480886	0.791951543	FALSE	FALSE	FALSE
440	4.155555556	0.684183434	0.049834246	0.634349187	0.73401768	FALSE	FALSE	FALSE
380	3.588888889	0.775927262	0.04974968	0.726177582	0.825676942	FALSE	FALSE	FALSE
380	3.588888889	0.766721469	0.04954392	0.71717755	0.816265389	FALSE	FALSE	FALSE
359	3.393055556	0.778035653	0.049511965	0.728523688	0.827547618	FALSE	FALSE	FALSE
410	3.872222222	0.742373746	0.049785016	0.69258873	0.792158762	FALSE	FALSE	FALSE
416	3.938888889	0.780376833	0.049875672	0.730501161	0.830252504	FALSE	FALSE	FALSE
500	4.722222222	0.727200494	0.049902935	0.677297558	0.777103429	FALSE	FALSE	FALSE
320	3.022222222	0.760533608	0.049936769	0.71059684	0.810470377	FALSE	FALSE	FALSE
340	3.211111111	0.738882542	0.049810694	0.689071847	0.788693236	FALSE	FALSE	FALSE
115	1.086111111	0.824792468	0.048786969	0.776005499	0.873579438	FALSE	FALSE	FALSE
245	2.313888889	0.819788787	0.049434924	0.770353863	0.869223711	FALSE	FALSE	FALSE
410	3.872222222	0.763924105	0.049559148	0.714364957	0.813483252	FALSE	FALSE	FALSE
430	4.061111111	0.755262201	0.049954023	0.705308178	0.805216225	FALSE	FALSE	FALSE
375	3.541666667	0.794509599	0.049988785	0.744520814	0.844498384	FALSE	FALSE	FALSE
377	3.568055556	0.798235359	0.049494476	0.748740883	0.847729835	FALSE	FALSE	FALSE
415	3.919444444	0.786495113	0.049848869	0.736646244	0.836343983	FALSE	FALSE	FALSE
410	3.872222222	0.744477855	0.049664621	0.694813234	0.794142475	FALSE	FALSE	FALSE
509	4.809722222	0.753913098	0.049753679	0.704159419	0.803666777	FALSE	FALSE	FALSE
328	3.102777778	0.746306334	0.049835032	0.696471302	0.796141367	FALSE	FALSE	FALSE
340	3.211111111	0.76117699	0.049720925	0.711456065	0.810897915	FALSE	FALSE	FALSE
390	3.683333333	0.774278048	0.049736077	0.724541971	0.824014125	FALSE	FALSE	FALSE
429	4.054166667	0.755589732	0.049679123	0.705910609	0.805268854	FALSE	FALSE	FALSE
450	4.25	0.720342273	0.049854005	0.670488268	0.770196278	FALSE	FALSE	FALSE
410	3.872222222	0.719741153	0.04987385	0.669867303	0.769615002	FALSE	FALSE	FALSE
375	3.541666667	0.74264838	0.049809033	0.692839347	0.792457413	FALSE	FALSE	FALSE
415	3.919444444	0.769900947	0.049611488	0.720289459	0.819512435	FALSE	FALSE	FALSE
400	3.777777778	0.799033183	0.049731603	0.74930158	0.848764786	FALSE	FALSE	FALSE
400	3.777777778	0.802176675	0.049796632	0.752380043	0.851973308	FALSE	FALSE	FALSE
435	4.108333333	0.748004408	0.049964918	0.698039491	0.797969326	FALSE	FALSE	FALSE
390	3.683333333	0.750237306	0.049701367	0.700535939	0.799938673	FALSE	FALSE	FALSE
35	0.330555556	0.784319171	0.045212863	0.739106308	0.829532033	FALSE	FALSE	FALSE
400	3.777777778	0.769472438	0.049697933	0.719774505	0.819170372	FALSE	FALSE	FALSE
425	4.013888889	0.772968858	0.049705929	0.723262929	0.822674786	FALSE	FALSE	FALSE
250	2.361111111	0.783505048	0.049947913	0.733557135	0.833452962	FALSE	FALSE	FALSE
55	0.519444444	0.889929427	0.046888168	0.843041259	0.936817595	FALSE	FALSE	FALSE
300	2.833333333	0.806807205	0.049927673	0.756879532	0.856734878	FALSE	FALSE	FALSE
431	4.080555556	0.738073772	0.049863809	0.688209964	0.787937581	FALSE	FALSE	FALSE
480	4.533333333	0.743607843	0.049629691	0.693978153	0.793237534	FALSE	FALSE	FALSE
314	2.968055556	0.761887921	0.049860739	0.712027182	0.811748659	FALSE	FALSE	FALSE
455	4.297222222	0.732774201	0.049646451	0.68312775	0.782420651	FALSE	FALSE	FALSE
420	3.966666667	0.719392195	0.049999371	0.669392824	0.769391566	FALSE	FALSE	FALSE
370	3.494444444	0.746574681	0.049555271	0.697019411	0.796129952	FALSE	FALSE	FALSE
445	4.202777778	0.778682574	0.04969342	0.728989154	0.828375993	FALSE	FALSE	FALSE
395	3.730555556	0.785427118	0.049667441	0.735759677	0.835094559	FALSE	FALSE	FALSE
340	3.211111111	0.770704937	0.04971141	0.720993528	0.820416347	FALSE	FALSE	FALSE
485	4.580555556	0.745726499	0.049892178	0.695834321	0.795618677	FALSE	FALSE	FALSE
405	3.825	0.767424566	0.049480356	0.717944209	0.816904922	FALSE	FALSE	FALSE
65	0.613888889	0.8495561	0.049834257	0.799721843	0.899390357	FALSE	FALSE	FALSE
355	3.352777778	0.802524562	0.049752861	0.752771701	0.852277423	FALSE	FALSE	FALSE
370	3.494444444	0.724401075	0.04989197	0.674509105	0.774293045	FALSE	FALSE	FALSE
514	4.856944444	0.732527427	0.049801021	0.682726405	0.782328448	FALSE	FALSE	FALSE
490	4.627777778	0.765302602	0.04984086	0.715461742	0.815143461	FALSE	FALSE	FALSE
372	3.520833333	0.789642708	0.049689222	0.739953486	0.83933193	FALSE	FALSE	FALSE
30	0.283333333	0.858750746	0.025167586	0.83358316	0.883918333	FALSE	FALSE	FALSE
410	3.872222222	0.749517129	0.049809163	0.699707966	0.799326292	FALSE	FALSE	FALSE
360	3.4	0.761027468	0.049591778	0.71143569	0.810619245	FALSE	FALSE	FALSE
445	4.202777778	0.741106487	0.049757098	0.69134939	0.790863585	FALSE	FALSE	FALSE
365	3.447222222	0.778140677	0.049536068	0.728604609	0.827676744	FALSE	FALSE	FALSE
390	3.683333333	0.792534364	0.049849512	0.742684852	0.842383876	FALSE	FALSE	FALSE
352	3.331944444	0.787753827	0.049016048	0.73873778	0.836769875	FALSE	FALSE	FALSE
341	3.230555556	0.771405489	0.049603746	0.721801742	0.821009235	FALSE	FALSE	FALSE
456	4.316666667	0.734169742	0.04988329	0.684286452	0.784053032	FALSE	FALSE	FALSE
330	3.116666667	0.79257805	0.049657054	0.742920996	0.842235104	FALSE	FALSE	FALSE
353	3.338888889	0.741016141	0.049705475	0.691310666	0.790721616	FALSE	FALSE	FALSE
430	4.061111111	0.734440057	0.049948765	0.684491293	0.784388822	FALSE	FALSE	FALSE
395	3.730555556	0.739875961	0.049793261	0.6900827	0.789669222	FALSE	FALSE	FALSE
335	3.163888889	0.77755721	0.049852342	0.727704868	0.827409552	FALSE	FALSE	FALSE
325	3.069444444	0.759648046	0.049648026	0.71000002	0.809296073	FALSE	FALSE	FALSE
525	4.958333333	0.753367471	0.04998464	0.703382832	0.803352111	FALSE	FALSE	FALSE
455	4.297222222	0.726890359	0.049748016	0.677142343	0.776638374	FALSE	FALSE	FALSE
295	2.786111111	0.816302461	0.049933494	0.766368968	0.866235955	FALSE	FALSE	FALSE
130	1.227777778	0.877465283	0.049036136	0.828429147	0.92650142	FALSE	FALSE	FALSE
495	4.675	0.767978775	0.049969648	0.718009128	0.817948423	FALSE	FALSE	FALSE
482	4.559722222	0.730425633	0.049902078	0.680523555	0.780327711	FALSE	FALSE	FALSE
380	3.588888889	0.746557012	0.049956796	0.696600216	0.796513808	FALSE	FALSE	FALSE
355	3.352777778	0.800096445	0.049749485	0.75034696	0.84984593	FALSE	FALSE	FALSE
365	3.447222222	0.794438085	0.049944793	0.744493292	0.844382877	FALSE	FALSE	FALSE
435	4.108333333	0.743102503	0.049357095	0.693745408	0.792459598	FALSE	FALSE	FALSE
55	0.519444444	0.719308758	0.049834257	0.669474501	0.769143015	FALSE	FALSE	FALSE
435	4.108333333	0.76534936	0.04979627	0.715553089	0.81514563	FALSE	FALSE	FALSE
250	2.361111111	0.836308502	0.049410833	0.786897669	0.885719335	FALSE	FALSE	FALSE
350	3.305555556	0.754550024	0.049388404	0.70516162	0.803938428	FALSE	FALSE	FALSE
463	4.377777778	0.728856141	0.049360458	0.679495683	0.778216598	FALSE	FALSE	FALSE
378	3.575	0.772858257	0.049547149	0.723311107	0.822405406	FALSE	FALSE	FALSE
320	3.022222222	0.781489596	0.049829505	0.731660091	0.831319101	FALSE	FALSE	FALSE
406	3.844444444	0.75435347	0.049989282	0.704364188	0.804342752	FALSE	FALSE	FALSE
430	4.061111111	0.748636635	0.049999264	0.698637371	0.798635899	FALSE	FALSE	FALSE
300	2.833333333	0.77264033	0.049642918	0.722997412	0.822283248	FALSE	FALSE	FALSE
410	3.872222222	0.738680075	0.049642732	0.689037344	0.788322807	FALSE	FALSE	FALSE
515	4.863888889	0.725928807	0.049573618	0.676355189	0.775502425	FALSE	FALSE	FALSE
417	3.945833333	0.768967051	0.049757013	0.719210038	0.818724064	FALSE	FALSE	FALSE
360	3.4	0.797703189	0.049860673	0.747842516	0.847563863	FALSE	FALSE	FALSE
410	3.872222222	0.770021473	0.049812593	0.72020888	0.819834066	FALSE	FALSE	FALSE
50	0.472222222	0.758944139	0.048344652	0.710599487	0.807288791	FALSE	FALSE	FALSE
250	2.361111111	0.813509561	0.049492294	0.764017267	0.863001854	FALSE	FALSE	FALSE
406	3.844444444	0.74642651	0.049676685	0.696749825	0.796103195	FALSE	FALSE	FALSE
372	3.520833333	0.790943642	0.049300704	0.741642938	0.840244346	FALSE	FALSE	FALSE
390	3.683333333	0.771204803	0.049794882	0.721409922	0.820999685	FALSE	FALSE	FALSE
369	3.4875	0.773096382	0.049634854	0.723461528	0.822731236	FALSE	FALSE	FALSE
35	0.330555556	0.784319171	0.045212863	0.739106308	0.829532033	FALSE	FALSE	FALSE
432	4.0875	0.724197143	0.049889041	0.674308102	0.774086185	FALSE	FALSE	FALSE
335	3.163888889	0.775060222	0.049789128	0.725271094	0.82484935	FALSE	FALSE	FALSE
350	3.305555556	0.779261674	0.049621085	0.729640589	0.828882758	FALSE	FALSE	FALSE
460	4.356944444	0.746138249	0.049754631	0.696383617	0.79589288	FALSE	FALSE	FALSE
555	5.241666667	0.71775454	0.049888253	0.667866286	0.767642793	FALSE	FALSE	FALSE
485	4.580555556	0.757973634	0.049766572	0.708207062	0.807740206	FALSE	FALSE	FALSE
325	3.069444444	0.784886546	0.049330352	0.735556194	0.834216899	FALSE	FALSE	FALSE
425	4.013888889	0.761477476	0.049996313	0.711481164	0.811473789	FALSE	FALSE	FALSE
330	3.116666667	0.782997358	0.049379653	0.733617706	0.832377011	FALSE	FALSE	FALSE
375	3.541666667	0.792102515	0.049930049	0.742172466	0.842032564	FALSE	FALSE	FALSE
60	0.566666667	0.961477476	0	0.961477476	0.961477476	TRUE	FALSE	FALSE
350	3.305555556	0.729917553	0.049192439	0.680725114	0.779109991	FALSE	FALSE	FALSE
390	3.683333333	0.740533168	0.049850289	0.690682879	0.790383457	FALSE	FALSE	FALSE
455	4.297222222	0.735856012	0.049865334	0.685990678	0.785721347	FALSE	FALSE	FALSE
370	3.494444444	0.795335657	0.049796186	0.745539471	0.845131842	FALSE	FALSE	FALSE
355	3.352777778	0.776980015	0.049723278	0.727256737	0.826703294	FALSE	FALSE	FALSE
350	3.305555556	0.772196445	0.049894994	0.72230145	0.822091439	FALSE	FALSE	FALSE
338	3.197222222	0.779848705	0.049732283	0.730116422	0.829580987	FALSE	FALSE	FALSE
460	4.344444444	0.735514413	0.049752277	0.685762137	0.78526669	FALSE	FALSE	FALSE
479	4.526388889	0.737191537	0.049605377	0.68758616	0.786796915	FALSE	FALSE	FALSE
520	4.911111111	0.745580329	0.047870232	0.697710097	0.79345056	FALSE	FALSE	FALSE
295	2.786111111	0.823889648	0.049002981	0.774886667	0.872892629	FALSE	FALSE	FALSE
325	3.069444444	0.77009537	0.049715696	0.720379674	0.819811067	FALSE	FALSE	FALSE
441	4.175	0.754841416	0.049930668	0.704910748	0.804772083	FALSE	FALSE	FALSE
275	2.597222222	0.766066601	0.049610528	0.716456073	0.815677129	FALSE	FALSE	FALSE
365	3.447222222	0.757798946	0.049697986	0.70810096	0.807496933	FALSE	FALSE	FALSE
320	3.022222222	0.755901366	0.049702999	0.706198367	0.805604366	FALSE	FALSE	FALSE
475	4.486111111	0.72068511	0.049885704	0.670799406	0.770570815	FALSE	FALSE	FALSE
460	4.344444444	0.781754696	0.049993301	0.731761395	0.831747997	FALSE	FALSE	FALSE
345	3.258333333	0.758836571	0.049604309	0.709232262	0.808440881	FALSE	FALSE	FALSE
345	3.258333333	0.807715361	0.049727994	0.757987367	0.857443355	FALSE	FALSE	FALSE
476	4.505555556	0.756544855	0.049848665	0.70669619	0.806393521	FALSE	FALSE	FALSE
445	4.202777778	0.722276234	0.049838931	0.672437303	0.772115165	FALSE	FALSE	FALSE
475	4.486111111	0.761090059	0.049693604	0.711396455	0.810783662	FALSE	FALSE	FALSE
445	4.202777778	0.736009411	0.049617737	0.686391674	0.785627148	FALSE	FALSE	FALSE
430	4.061111111	0.74018075	0.049750791	0.690429959	0.789931541	FALSE	FALSE	FALSE
465	4.391666667	0.769865917	0.04996833	0.719897586	0.819834247	FALSE	FALSE	FALSE
185	1.747222222	0.751450978	0.04904242	0.702408558	0.800493398	FALSE	FALSE	FALSE
365	3.447222222	0.741700695	0.049698093	0.692002601	0.791398788	FALSE	FALSE	FALSE
325	3.069444444	0.719374111	0.049762492	0.669611619	0.769136604	FALSE	FALSE	FALSE
365	3.447222222	0.769383768	0.0495252	0.719858569	0.818908968	FALSE	FALSE	FALSE
305	2.880555556	0.782721833	0.049603521	0.733118312	0.832325353	FALSE	FALSE	FALSE
395	3.730555556	0.725794776	0.049601549	0.676193227	0.775396326	FALSE	FALSE	FALSE
383	3.622222222	0.780107015	0.049364239	0.730742775	0.829471254	FALSE	FALSE	FALSE
355	3.352777778	0.741963472	0.049204946	0.692758526	0.791168417	FALSE	FALSE	FALSE
479	4.526388889	0.734540269	0.049662487	0.684877783	0.784202756	FALSE	FALSE	FALSE
419	3.959722222	0.737136987	0.049745611	0.687391376	0.786882598	FALSE	FALSE	FALSE
480	4.533333333	0.734681791	0.049717429	0.684964363	0.78439922	FALSE	FALSE	FALSE
325	3.069444444	0.772131088	0.049931905	0.722199183	0.822062993	FALSE	FALSE	FALSE
264	2.495833333	0.779085356	0.04983181	0.729253546	0.828917166	FALSE	FALSE	FALSE
355	3.352777778	0.73668486	0.049824477	0.686860383	0.786509338	FALSE	FALSE	FALSE
455	4.297222222	0.741202464	0.049734686	0.691467778	0.79093715	FALSE	FALSE	FALSE
490	4.627777778	0.744975365	0.049799167	0.695176198	0.794774533	FALSE	FALSE	FALSE
536	5.072222222	0.712882743	0.049838361	0.663044382	0.762721104	FALSE	FALSE	FALSE
460	4.344444444	0.783648874	0.049801528	0.733847346	0.833450402	FALSE	FALSE	FALSE
300	2.833333333	0.712708707	0.049990473	0.662718233	0.76269918	FALSE	FALSE	FALSE
425	4.013888889	0.768817362	0.04988244	0.718934922	0.818699801	FALSE	FALSE	FALSE
403	3.811111111	0.773922879	0.049807173	0.724115706	0.823730053	FALSE	FALSE	FALSE
420	3.966666667	0.759726453	0.049868893	0.709857559	0.809595346	FALSE	FALSE	FALSE
397	3.756944444	0.741699368	0.049902368	0.691797	0.791601736	FALSE	FALSE	FALSE
467	4.418055556	0.729883692	0.049697771	0.680185922	0.779581463	FALSE	FALSE	FALSE
440	4.155555556	0.815583177	0.049797122	0.765786055	0.8653803	FALSE	FALSE	FALSE
465	4.391666667	0.739368808	0.048580912	0.690787896	0.78794972	FALSE	FALSE	FALSE
449	4.243055556	0.772469548	0.04948342	0.722986129	0.821952968	FALSE	FALSE	FALSE
515	4.863888889	0.734242018	0.049941104	0.684300914	0.784183122	FALSE	FALSE	FALSE
405	3.825	0.778968495	0.049942173	0.729026322	0.828910668	FALSE	FALSE	FALSE
520	4.911111111	0.731392916	0.049959989	0.681432927	0.781352906	FALSE	FALSE	FALSE
420	3.966666667	0.770259973	0.04970861	0.720551363	0.819968583	FALSE	FALSE	FALSE
275	2.597222222	0.784545687	0.049826858	0.734718829	0.834372545	FALSE	FALSE	FALSE
465	4.391666667	0.756043302	0.049883889	0.706159413	0.80592719	FALSE	FALSE	FALSE
355	3.352777778	0.772335562	0.049831561	0.722504002	0.822167123	FALSE	FALSE	FALSE
385	3.636111111	0.784822994	0.049665567	0.735157427	0.834488561	FALSE	FALSE	FALSE
417	3.945833333	0.762077816	0.049861923	0.712215893	0.811939738	FALSE	FALSE	FALSE
330	3.116666667	0.755294462	0.049880219	0.705414242	0.805174681	FALSE	FALSE	FALSE
515	4.863888889	0.728988947	0.049639875	0.679349071	0.778628822	FALSE	FALSE	FALSE
350	3.305555556	0.802242598	0.049558086	0.752684512	0.851800684	FALSE	FALSE	FALSE
400	3.777777778	0.782812795	0.049908783	0.732904012	0.832721578	FALSE	FALSE	FALSE
433	4.094444444	0.785423402	0.049803478	0.735619923	0.83522688	FALSE	FALSE	FALSE
385	3.636111111	0.764574634	0.049517183	0.715057451	0.814091818	FALSE	FALSE	FALSE
295	2.786111111	0.730102664	0.049814316	0.680288347	0.77991698	FALSE	FALSE	FALSE
342	3.2375	0.754177509	0.049788536	0.704388973	0.803966045	FALSE	FALSE	FALSE
85	0.802777778	0.731397981	0.047918594	0.683479387	0.779316575	FALSE	FALSE	FALSE
549	5.1875	0.741936554	0.049780059	0.692156495	0.791716613	FALSE	FALSE	FALSE
250	2.361111111	0.828113941	0.049680612	0.778433329	0.877794553	FALSE	FALSE	FALSE
484	4.586111111	0.727990239	0.049846805	0.678143435	0.777837044	FALSE	FALSE	FALSE
307	2.906944444	0.781709461	0.049844842	0.731864619	0.831554303	FALSE	FALSE	FALSE
484	4.573611111	0.755419835	0.049439112	0.705980723	0.804858947	FALSE	FALSE	FALSE
340	3.211111111	0.807287214	0.04961075	0.757676464	0.856897964	FALSE	FALSE	FALSE
60	0.566666667	0.87451171	0.048344652	0.826167058	0.922856362	FALSE	FALSE	FALSE
365	3.447222222	0.762808869	0.049981624	0.712827245	0.812790492	FALSE	FALSE	FALSE
400	3.777777778	0.777598797	0.049865471	0.727733326	0.827464268	FALSE	FALSE	FALSE
335	3.163888889	0.761639792	0.049838713	0.711801079	0.811478505	FALSE	FALSE	FALSE
419	3.959722222	0.775104869	0.049884281	0.725220588	0.82498915	FALSE	FALSE	FALSE
330	3.116666667	0.801252107	0.04989991	0.751352196	0.851152017	FALSE	FALSE	FALSE
380	3.588888889	0.74108168	0.049992014	0.691089666	0.791073695	FALSE	FALSE	FALSE
380	3.588888889	0.764202926	0.049574983	0.714627944	0.813777909	FALSE	FALSE	FALSE
425	4.013888889	0.761477476	0.049762613	0.711714864	0.811240089	FALSE	FALSE	FALSE
365	3.447222222	0.764264087	0.049469102	0.714794985	0.813733189	FALSE	FALSE	FALSE
290	2.738888889	0.800928512	0.049887694	0.751040818	0.850816205	FALSE	FALSE	FALSE
394	3.723611111	0.710247857	0.04978215	0.660465707	0.760030007	FALSE	FALSE	FALSE
410	3.872222222	0.743347035	0.049684582	0.693662452	0.793031617	FALSE	FALSE	FALSE
479	4.526388889	0.71464962	0.049764738	0.664884881	0.764414358	FALSE	FALSE	FALSE
310	2.927777778	0.783243354	0.049998009	0.733245345	0.833241364	FALSE	FALSE	FALSE
450	4.25	0.724082601	0.049706413	0.674376188	0.773789014	FALSE	FALSE	FALSE
440	4.155555556	0.77261271	0.049589942	0.723022768	0.822202651	FALSE	FALSE	FALSE
365	3.447222222	0.787093721	0.049897617	0.737196103	0.836991338	FALSE	FALSE	FALSE
30	0.283333333	0.884432429	1.48E-17	0.884432429	0.884432429	TRUE	FALSE	FALSE
440	4.155555556	0.739148897	0.04988012	0.689268777	0.789029017	FALSE	FALSE	FALSE
340	3.211111111	0.719681158	0.049929818	0.66975134	0.769610977	FALSE	FALSE	FALSE
180	1.7	0.741424479	0.044079841	0.697344639	0.78550432	FALSE	FALSE	FALSE
360	3.4	0.750342698	0.049898235	0.700444463	0.800240933	FALSE	FALSE	FALSE
360	3.4	0.732109715	0.049975311	0.682134404	0.782085026	FALSE	FALSE	FALSE
535	5.052777778	0.732756848	0.049718662	0.683038186	0.78247551	FALSE	FALSE	FALSE
419	3.959722222	0.7632285	0.049492169	0.713736332	0.812720669	FALSE	FALSE	FALSE
506	4.788888889	0.746807884	0.04895959	0.697848294	0.795767473	FALSE	FALSE	FALSE
375	3.541666667	0.78096507	0.049300909	0.731664161	0.830265978	FALSE	FALSE	FALSE
420	3.966666667	0.780776081	0.048930493	0.731845588	0.829706574	FALSE	FALSE	FALSE
420	3.966666667	0.75123123	0.049994643	0.701236587	0.801225873	FALSE	FALSE	FALSE
225	2.125	0.805713336	0.048549123	0.757164213	0.854262458	FALSE	FALSE	FALSE
381	3.608333333	0.787969073	0.04996824	0.738000833	0.837937313	FALSE	FALSE	FALSE
335	3.163888889	0.73779836	0.049607396	0.688190965	0.787405756	FALSE	FALSE	FALSE
240	2.266666667	0.802770268	0.04943362	0.753336648	0.852203888	FALSE	FALSE	FALSE
360	3.4	0.793227975	0.049587557	0.743640418	0.842815533	FALSE	FALSE	FALSE
390	3.683333333	0.753027752	0.049774703	0.703253049	0.802802454	FALSE	FALSE	FALSE
452	4.276388889	0.77991322	0.049974275	0.729938946	0.829887495	FALSE	FALSE	FALSE
395	3.730555556	0.771434571	0.049520265	0.721914305	0.820954836	FALSE	FALSE	FALSE
370	3.494444444	0.751955465	0.049644587	0.702310877	0.801600052	FALSE	FALSE	FALSE
400	3.777777778	0.750471041	0.04989285	0.700578191	0.800363891	FALSE	FALSE	FALSE
280	2.644444444	0.821477322	0.049678665	0.771798657	0.871155986	FALSE	FALSE	FALSE
300	2.833333333	0.765381243	0.049819906	0.715561337	0.81520115	FALSE	FALSE	FALSE
30	0.283333333	0.942216214	0.03775138	0.904464835	0.979967594	FALSE	FALSE	FALSE
385	3.636111111	0.723520375	0.049718423	0.673801952	0.773238799	FALSE	FALSE	FALSE
335	3.163888889	0.815753311	0.049408977	0.766344333	0.865162288	FALSE	FALSE	FALSE
331	3.136111111	0.766778459	0.049829218	0.716949241	0.816607676	FALSE	FALSE	FALSE
490	4.627777778	0.724789835	0.049807307	0.674982528	0.774597142	FALSE	FALSE	FALSE
150	1.416666667	0.808154662	0.04878958	0.759365082	0.856944242	FALSE	FALSE	FALSE
298	2.819444444	0.777335003	0.04967912	0.727655883	0.827014123	FALSE	FALSE	FALSE
450	4.25	0.7409724	0.049552437	0.691419962	0.790524837	FALSE	FALSE	FALSE
360	3.4	0.760439638	0.049315326	0.711124312	0.809754964	FALSE	FALSE	FALSE
510	4.816666667	0.732265862	0.04959932	0.682666542	0.781865183	FALSE	FALSE	FALSE
463	4.377777778	0.73034915	0.049711224	0.680637926	0.780060374	FALSE	FALSE	FALSE
543	5.133333333	0.720862756	0.049784206	0.67107855	0.770646963	FALSE	FALSE	FALSE
320	3.022222222	0.778778634	0.049760636	0.729017999	0.82853927	FALSE	FALSE	FALSE
365	3.447222222	0.756591005	0.049713639	0.706877366	0.806304643	FALSE	FALSE	FALSE
340	3.211111111	0.780492548	0.049870349	0.7306222	0.830362897	FALSE	FALSE	FALSE
370	3.494444444	0.751848044	0.049796659	0.702051385	0.801644703	FALSE	FALSE	FALSE
435	4.108333333	0.738850121	0.04961887	0.689231251	0.788468992	FALSE	FALSE	FALSE
415	3.919444444	0.783550998	0.049667364	0.733883635	0.833218362	FALSE	FALSE	FALSE
265	2.502777778	0.764554031	0.04990824	0.71464579	0.814462271	FALSE	FALSE	FALSE
455	4.297222222	0.757340956	0.049458812	0.707882144	0.806799768	FALSE	FALSE	FALSE
477	4.5125	0.759961698	0.049708402	0.710253295	0.8096701	FALSE	FALSE	FALSE
571	5.402777778	0.730858588	0.049991453	0.680867135	0.780850042	FALSE	FALSE	FALSE
345	3.258333333	0.782766536	0.049433154	0.733333382	0.832199691	FALSE	FALSE	FALSE
331	3.136111111	0.762324014	0.049860426	0.712463588	0.81218444	FALSE	FALSE	FALSE
415	3.919444444	0.778643491	0.049873571	0.72876992	0.828517062	FALSE	FALSE	FALSE
485	4.580555556	0.764089623	0.049918129	0.714171495	0.814007752	FALSE	FALSE	FALSE
380	3.588888889	0.74942667	0.049662017	0.699764653	0.799088687	FALSE	FALSE	FALSE
430	4.061111111	0.745135228	0.049790793	0.695344435	0.79492602	FALSE	FALSE	FALSE
376	3.561111111	0.781887574	0.049431106	0.732456469	0.83131868	FALSE	FALSE	FALSE
388	3.669444444	0.763773499	0.049808112	0.713965388	0.813581611	FALSE	FALSE	FALSE
417	3.945833333	0.783936111	0.049734766	0.734201346	0.833670877	FALSE	FALSE	FALSE
390	3.683333333	0.765557128	0.049976204	0.715580924	0.815533332	FALSE	FALSE	FALSE
300	2.833333333	0.771166125	0.049575925	0.7215902	0.82074205	FALSE	FALSE	FALSE
325	3.069444444	0.763550557	0.049604543	0.713946014	0.8131551	FALSE	FALSE	FALSE
435	4.108333333	0.710105064	0.049970559	0.660134506	0.760075623	FALSE	FALSE	FALSE
433	4.094444444	0.764022169	0.049844372	0.714177797	0.813866542	FALSE	FALSE	FALSE
413	3.905555556	0.75988464	0.049894746	0.709989894	0.809779387	FALSE	FALSE	FALSE
330	3.116666667	0.798646305	0.049500291	0.749146014	0.848146596	FALSE	FALSE	FALSE
370	3.494444444	0.789659372	0.049819206	0.739840166	0.839478578	FALSE	FALSE	FALSE
272	2.576388889	0.775010312	0.049923948	0.725086364	0.82493426	FALSE	FALSE	FALSE
405	3.825	0.760603923	0.049590621	0.711013303	0.810194544	FALSE	FALSE	FALSE
445	4.202777778	0.724216757	0.049927394	0.674289363	0.774144151	FALSE	FALSE	FALSE
405	3.825	0.740850225	0.049722476	0.69112775	0.790572701	FALSE	FALSE	FALSE
470	4.438888889	0.735763853	0.04990426	0.685859593	0.785668113	FALSE	FALSE	FALSE
370	3.494444444	0.770363148	0.049719963	0.720643185	0.820083111	FALSE	FALSE	FALSE
355	3.352777778	0.764374648	0.049607517	0.714767131	0.813982164	FALSE	FALSE	FALSE
270	2.55	0.793766859	0.048511698	0.745255161	0.842278557	FALSE	FALSE	FALSE
322	3.048611111	0.780218792	0.049917971	0.730300821	0.830136763	FALSE	FALSE	FALSE
352	3.331944444	0.777425611	0.049667469	0.727758142	0.827093079	FALSE	FALSE	FALSE
30	0.283333333	0.932585584	0.036144194	0.896441389	0.968729778	FALSE	FALSE	FALSE
295	2.786111111	0.780136641	0.049720523	0.730416118	0.829857164	FALSE	FALSE	FALSE
494	4.668055556	0.729553364	0.049829644	0.679723721	0.779383008	FALSE	FALSE	FALSE
45	0.425	0.899886742	0.045212863	0.854673879	0.945099604	FALSE	FALSE	FALSE
347	3.284722222	0.732189831	0.049482233	0.682707598	0.781672064	FALSE	FALSE	FALSE
445	4.202777778	0.759083173	0.04946495	0.709618223	0.808548123	FALSE	FALSE	FALSE
270	2.55	0.794138565	0.049872247	0.744266318	0.844010813	FALSE	FALSE	FALSE
477	4.5125	0.736408012	0.049776709	0.686631303	0.78618472	FALSE	FALSE	FALSE
331	3.136111111	0.79646735	0.049513052	0.746954297	0.845980402	FALSE	FALSE	FALSE
305	2.880555556	0.775341298	0.049659655	0.725681643	0.825000953	FALSE	FALSE	FALSE
315	2.975	0.772683663	0.049697372	0.722986291	0.822381035	FALSE	FALSE	FALSE
410	3.872222222	0.742970095	0.049979195	0.692990899	0.79294929	FALSE	FALSE	FALSE
30	0.283333333	0.865171167	0.03775138	0.827419788	0.902922547	FALSE	FALSE	FALSE
155	1.463888889	0.822090365	0.049384105	0.772706261	0.87147447	FALSE	FALSE	FALSE
35	0.330555556	0.961477476	0.043591538	0.917885938	1.005069015	FALSE	FALSE	TRUE
480	4.533333333	0.769268959	0.049933763	0.719335197	0.819202722	FALSE	FALSE	FALSE
405	3.825	0.729335203	0.049728341	0.679606862	0.779063545	FALSE	FALSE	FALSE
380	3.588888889	0.769893013	0.049940066	0.719952946	0.819833079	FALSE	FALSE	FALSE
460	4.344444444	0.741242803	0.049977527	0.691265276	0.791220331	FALSE	FALSE	FALSE
380	3.588888889	0.75987693	0.049679424	0.710197506	0.809556355	FALSE	FALSE	FALSE
475	4.486111111	0.754153081	0.049702365	0.704450716	0.803855446	FALSE	FALSE	FALSE
495	4.675	0.720596771	0.049728771	0.670868	0.770325542	FALSE	FALSE	FALSE
450	4.25	0.7695294	0.049826139	0.719703261	0.819355539	FALSE	FALSE	FALSE
440	4.155555556	0.722428199	0.049872831	0.672555368	0.772301029	FALSE	FALSE	FALSE
205	1.936111111	0.822797421	0.049211317	0.773586104	0.872008738	FALSE	FALSE	FALSE
325	3.069444444	0.786577034	0.049534515	0.737042519	0.836111549	FALSE	FALSE	FALSE
325	3.069444444	0.810769242	0.049121026	0.761648216	0.859890268	FALSE	FALSE	FALSE
465	4.391666667	0.688856819	0.049898171	0.638958649	0.73875499	FALSE	FALSE	FALSE
470	4.438888889	0.749715812	0.049596066	0.700119746	0.799311878	FALSE	FALSE	FALSE
335	3.176388889	0.75003632	0.049582186	0.700454133	0.799618506	FALSE	FALSE	FALSE
374	3.534722222	0.736454249	0.049838692	0.686615558	0.786292941	FALSE	FALSE	FALSE
410	3.872222222	0.790727382	0.049758609	0.740968773	0.84048599	FALSE	FALSE	FALSE
495	4.675	0.73113722	0.049880844	0.681256376	0.781018064	FALSE	FALSE	FALSE
420	3.966666667	0.74042107	0.049720359	0.690700711	0.790141429	FALSE	FALSE	FALSE
457	4.323611111	0.737935934	0.049544815	0.688391119	0.787480749	FALSE	FALSE	FALSE
377	3.568055556	0.759773096	0.049917783	0.709855313	0.80969088	FALSE	FALSE	FALSE
430	4.061111111	0.769051943	0.049483564	0.719568379	0.818535507	FALSE	FALSE	FALSE
30	0.283333333	0.922954953	0.030823872	0.89213108	0.953778825	FALSE	FALSE	FALSE
410	3.872222222	0.760529136	0.049952638	0.710576498	0.810481774	FALSE	FALSE	FALSE
570	5.383333333	0.706281523	0.04984707	0.656434453	0.756128593	FALSE	FALSE	FALSE
457	4.323611111	0.744928719	0.049955394	0.694973325	0.794884113	FALSE	FALSE	FALSE
390	3.683333333	0.748414972	0.049867942	0.69854703	0.798282915	FALSE	FALSE	FALSE
55	0.519444444	0.928451951	0.046888168	0.881563783	0.975340118	FALSE	FALSE	FALSE
435	4.108333333	0.759456187	0.049434396	0.710021791	0.808890583	FALSE	FALSE	FALSE
405	3.825	0.759258908	0.04976604	0.709492868	0.809024947	FALSE	FALSE	FALSE
290	2.738888889	0.766439744	0.049691349	0.716748395	0.816131093	FALSE	FALSE	FALSE
362	3.426388889	0.77571418	0.04990167	0.72581251	0.825615849	FALSE	FALSE	FALSE
404	3.818055556	0.75786599	0.049751181	0.708114809	0.807617171	FALSE	FALSE	FALSE
390	3.683333333	0.751061399	0.049185945	0.701875454	0.800247343	FALSE	FALSE	FALSE
255	2.408333333	0.787341647	0.049126094	0.738215553	0.836467741	FALSE	FALSE	FALSE
385	3.636111111	0.740734579	0.049971927	0.690762652	0.790706506	FALSE	FALSE	FALSE
419	3.959722222	0.743967238	0.049646596	0.694320643	0.793613834	FALSE	FALSE	FALSE
415	3.919444444	0.763658646	0.049913593	0.713745053	0.813572238	FALSE	FALSE	FALSE
455	4.297222222	0.70809957	0.049692009	0.658407561	0.757791579	FALSE	FALSE	FALSE
385	3.636111111	0.761799634	0.049746477	0.712053157	0.811546112	FALSE	FALSE	FALSE
105	0.991666667	0.83158288	0.048612614	0.782970266	0.880195494	FALSE	FALSE	FALSE
350	3.305555556	0.743964212	0.049479879	0.694484333	0.793444091	FALSE	FALSE	FALSE
465	4.391666667	0.757490378	0.049768947	0.707721431	0.807259325	FALSE	FALSE	FALSE
370	3.494444444	0.776903695	0.049864583	0.727039112	0.826768278	FALSE	FALSE	FALSE
370	3.494444444	0.76559855	0.049856167	0.715742382	0.815454717	FALSE	FALSE	FALSE
415	3.919444444	0.76701302	0.049746019	0.717267	0.816759039	FALSE	FALSE	FALSE
90	0.85	0.862400899	0.048987846	0.813413053	0.911388745	FALSE	FALSE	FALSE
455	4.297222222	0.743525212	0.049895764	0.693629448	0.793420976	FALSE	FALSE	FALSE
434	4.101388889	0.759533249	0.049962385	0.709570864	0.809495634	FALSE	FALSE	FALSE
370	3.494444444	0.779607321	0.049910845	0.729696476	0.829518167	FALSE	FALSE	FALSE
450	4.25	0.749724044	0.0499519	0.699772143	0.799675944	FALSE	FALSE	FALSE
390	3.683333333	0.725260706	0.04947921	0.675781496	0.774739916	FALSE	FALSE	FALSE
290	2.738888889	0.803258406	0.049399681	0.753858725	0.852658088	FALSE	FALSE	FALSE
485	4.580555556	0.778254086	0.049762224	0.728491862	0.828016311	FALSE	FALSE	FALSE
405	3.825	0.773851823	0.049285777	0.724566047	0.8231376	FALSE	FALSE	FALSE
500	4.722222222	0.675649844	0.049994994	0.62565485	0.725644839	FALSE	FALSE	FALSE
440	4.155555556	0.713529084	0.04979394	0.663735144	0.763323024	FALSE	FALSE	FALSE
214	2.023611111	0.760361557	0.049997107	0.71036445	0.810358663	FALSE	FALSE	FALSE
370	3.494444444	0.749785471	0.049750423	0.700035048	0.799535894	FALSE	FALSE	FALSE
420	3.966666667	0.717529598	0.049649718	0.66787988	0.767179315	FALSE	FALSE	FALSE
30	0.283333333	0.942216214	0.03775138	0.904464835	0.979967594	FALSE	FALSE	FALSE
485	4.580555556	0.71299195	0.049810767	0.663181183	0.762802718	FALSE	FALSE	FALSE
355	3.352777778	0.789806858	0.049544686	0.740262172	0.839351544	FALSE	FALSE	FALSE
415	3.919444444	0.740189324	0.049903111	0.690286212	0.790092435	FALSE	FALSE	FALSE
375	3.541666667	0.70520388	0.049688893	0.655514986	0.754892773	FALSE	FALSE	FALSE
345	3.258333333	0.782039988	0.049561792	0.732478196	0.831601781	FALSE	FALSE	FALSE
280	2.644444444	0.776616979	0.049669786	0.726947193	0.826286765	FALSE	FALSE	FALSE
440	4.155555556	0.742562301	0.049965224	0.692597077	0.792527525	FALSE	FALSE	FALSE
405	3.825	0.735779973	0.049903117	0.685876856	0.78568309	FALSE	FALSE	FALSE
500	4.722222222	0.780253431	0.049803207	0.730450224	0.830056638	FALSE	FALSE	FALSE
275	2.597222222	0.806279477	0.049411298	0.756868179	0.855690775	FALSE	FALSE	FALSE
410	3.872222222	0.77108918	0.049633578	0.721455602	0.820722758	FALSE	FALSE	FALSE
480	4.533333333	0.727106305	0.049764318	0.677341987	0.776870623	FALSE	FALSE	FALSE
435	4.108333333	0.717933408	0.049947137	0.667986271	0.767880544	FALSE	FALSE	FALSE
495	4.675	0.758914652	0.049851885	0.709062767	0.808766537	FALSE	FALSE	FALSE
365	3.447222222	0.731224482	0.049680638	0.681543844	0.780905119	FALSE	FALSE	FALSE
430	4.061111111	0.725137081	0.049525122	0.675611959	0.774662202	FALSE	FALSE	FALSE
415	3.919444444	0.76249744	0.049981312	0.712516129	0.812478752	FALSE	FALSE	FALSE
440	4.155555556	0.749424063	0.049768782	0.699655281	0.799192845	FALSE	FALSE	FALSE
355	3.352777778	0.808269552	0.049953592	0.758315959	0.858223144	FALSE	FALSE	FALSE
465	4.391666667	0.752471086	0.049884134	0.702586952	0.80235522	FALSE	FALSE	FALSE
500	4.722222222	0.739622109	0.049713385	0.689908724	0.789335494	FALSE	FALSE	FALSE
468	4.425	0.75146379	0.049959971	0.701503818	0.801423761	FALSE	FALSE	FALSE
40	0.377777778	0.961477476	0	0.961477476	0.961477476	TRUE	FALSE	FALSE
399	3.770833333	0.799247727	0.049575672	0.749672055	0.848823399	FALSE	FALSE	FALSE
325	3.069444444	0.75156559	0.049984963	0.701580627	0.801550553	FALSE	FALSE	FALSE
385	3.636111111	0.73597733	0.049601925	0.686375404	0.785579255	FALSE	FALSE	FALSE
505	4.769444444	0.715638297	0.04988819	0.665750107	0.765526486	FALSE	FALSE	FALSE
360	3.4	0.791600599	0.049913463	0.741687136	0.841514062	FALSE	FALSE	FALSE
445	4.202777778	0.716319877	0.049514539	0.666805337	0.765834416	FALSE	FALSE	FALSE
335	3.163888889	0.781420725	0.049662033	0.731758692	0.831082758	FALSE	FALSE	FALSE
357	3.379166667	0.823972744	0.049893333	0.774079411	0.873866077	FALSE	FALSE	FALSE
505	4.769444444	0.763445496	0.049778132	0.713667364	0.813223628	FALSE	FALSE	FALSE
415	3.919444444	0.776165163	0.049759788	0.726405375	0.825924951	FALSE	FALSE	FALSE
325	3.069444444	0.784425122	0.049377172	0.73504795	0.833802294	FALSE	FALSE	FALSE
435	4.108333333	0.736735256	0.049944677	0.686790578	0.786679933	FALSE	FALSE	FALSE
370	3.494444444	0.759673654	0.049614007	0.710059647	0.809287662	FALSE	FALSE	FALSE
298	2.819444444	0.722177536	0.049739452	0.672438084	0.771916988	FALSE	FALSE	FALSE
455	4.297222222	0.720940509	0.049819692	0.671120817	0.770760201	FALSE	FALSE	FALSE
270	2.55	0.771211136	0.049896023	0.721315114	0.821107159	FALSE	FALSE	FALSE
520	4.911111111	0.70827781	0.049882423	0.658395388	0.758160233	FALSE	FALSE	FALSE
361	3.419444444	0.756142423	0.049766787	0.706375636	0.805909211	FALSE	FALSE	FALSE
491	4.647222222	0.704845989	0.049949357	0.654896631	0.754795346	FALSE	FALSE	FALSE
481	4.552777778	0.716766081	0.049681497	0.667084583	0.766447578	FALSE	FALSE	FALSE
395	3.730555556	0.799053264	0.049909315	0.749143949	0.848962579	FALSE	FALSE	FALSE
450	4.25	0.790979668	0.04964724	0.741332428	0.840626908	FALSE	FALSE	FALSE
304	2.873611111	0.7609806	0.049619019	0.711361581	0.81059962	FALSE	FALSE	FALSE
410	3.872222222	0.765687772	0.048904612	0.71678316	0.814592384	FALSE	FALSE	FALSE
540	5.1	0.726349949	0.049972157	0.676377791	0.776322106	FALSE	FALSE	FALSE
423	4	0.79905591	0.049648852	0.749407058	0.848704762	FALSE	FALSE	FALSE
305	2.880555556	0.776906524	0.049994844	0.726911681	0.826901368	FALSE	FALSE	FALSE
435	4.108333333	0.742206399	0.049647204	0.692559195	0.791853603	FALSE	FALSE	FALSE
440	4.155555556	0.767045093	0.049498743	0.717546349	0.816543836	FALSE	FALSE	FALSE
510	4.816666667	0.749640427	0.049814064	0.699826363	0.799454491	FALSE	FALSE	FALSE
30	0.283333333	0.845909905	0	0.845909905	0.845909905	TRUE	FALSE	FALSE
395	3.730555556	0.773437449	0.049022137	0.724415312	0.822459586	FALSE	FALSE	FALSE
380	3.588888889	0.78525623	0.049351028	0.735905202	0.834607257	FALSE	FALSE	FALSE
410	3.872222222	0.755974259	0.049953363	0.706020896	0.805927622	FALSE	FALSE	FALSE
260	2.455555556	0.79604959	0.049395232	0.746654358	0.845444822	FALSE	FALSE	FALSE
445	4.202777778	0.751846845	0.049707544	0.702139301	0.80155439	FALSE	FALSE	FALSE
435	4.108333333	0.732454975	0.049585853	0.682869122	0.782040828	FALSE	FALSE	FALSE
519	4.904166667	0.746549998	0.049884888	0.696665111	0.796434886	FALSE	FALSE	FALSE
314	2.968055556	0.763665208	0.049813087	0.713852121	0.813478295	FALSE	FALSE	FALSE
375	3.541666667	0.807306817	0.049886763	0.757420054	0.85719358	FALSE	FALSE	FALSE
395	3.730555556	0.769527541	0.049305174	0.720222366	0.818832715	FALSE	FALSE	FALSE
345	3.258333333	0.73692761	0.049825784	0.687101826	0.786753395	FALSE	FALSE	FALSE
60	0.566666667	0.913034233	0.048344652	0.864689582	0.961378885	FALSE	FALSE	FALSE
400	3.777777778	0.771451049	0.049764282	0.721686768	0.821215331	FALSE	FALSE	FALSE
55	0.519444444	0.848548545	0.046519663	0.802028882	0.895068208	FALSE	FALSE	FALSE
370	3.494444444	0.769181981	0.049941734	0.719240247	0.819123715	FALSE	FALSE	FALSE
360	3.4	0.772711311	0.049538711	0.723172599	0.822250022	FALSE	FALSE	FALSE
343	3.244444444	0.769003969	0.049856313	0.719147656	0.818860281	FALSE	FALSE	FALSE
560	5.288888889	0.722259181	0.04993003	0.672329151	0.772189211	FALSE	FALSE	FALSE
475	4.486111111	0.748468712	0.049955764	0.698512948	0.798424475	FALSE	FALSE	FALSE
380	3.588888889	0.743067115	0.049845752	0.693221363	0.792912867	FALSE	FALSE	FALSE
408	3.858333333	0.772100279	0.049985563	0.722114716	0.822085842	FALSE	FALSE	FALSE
463	4.377777778	0.76068699	0.049503068	0.711183921	0.810190058	FALSE	FALSE	FALSE
440	4.155555556	0.738535352	0.049599762	0.688935591	0.788135114	FALSE	FALSE	FALSE
464	4.384722222	0.711219912	0.049682656	0.661537256	0.760902569	FALSE	FALSE	FALSE
275	2.597222222	0.742216214	0.049994627	0.692221588	0.792210841	FALSE	FALSE	FALSE
415	3.919444444	0.7431133	0.049861159	0.69325214	0.792974459	FALSE	FALSE	FALSE
455	4.297222222	0.76856186	0.049910985	0.718650876	0.818472845	FALSE	FALSE	FALSE
385	3.636111111	0.764263488	0.049705642	0.714557846	0.813969129	FALSE	FALSE	FALSE
345	3.258333333	0.773174059	0.049443953	0.723730106	0.822618012	FALSE	FALSE	FALSE
528	4.991666667	0.732411805	0.049873575	0.68253823	0.78228538	FALSE	FALSE	FALSE
390	3.683333333	0.763682081	0.049615355	0.714066725	0.813297436	FALSE	FALSE	FALSE
405	3.825	0.767745157	0.049173877	0.71857128	0.816919034	FALSE	FALSE	FALSE
220	2.077777778	0.742178462	0.04966504	0.692513422	0.791843501	FALSE	FALSE	FALSE
435	4.108333333	0.804531372	0.049985896	0.754545476	0.854517268	FALSE	FALSE	FALSE
500	4.722222222	0.732251224	0.049710134	0.68254109	0.781961358	FALSE	FALSE	FALSE
495	4.675	0.723342224	0.049703531	0.673638692	0.773045755	FALSE	FALSE	FALSE
390	3.683333333	0.757812811	0.049926411	0.7078864	0.807739222	FALSE	FALSE	FALSE
455	4.297222222	0.727100283	0.049874448	0.677225835	0.776974731	FALSE	FALSE	FALSE
335	3.163888889	0.762271786	0.049566874	0.712704912	0.81183866	FALSE	FALSE	FALSE
35	0.330555556	0.784319171	0.045212863	0.739106308	0.829532033	FALSE	FALSE	FALSE
320	3.022222222	0.771382363	0.049433951	0.721948413	0.820816314	FALSE	FALSE	FALSE
340	3.211111111	0.794848466	0.049881653	0.744966813	0.844730119	FALSE	FALSE	FALSE
495	4.675	0.748636635	0.049692059	0.698944576	0.798328694	FALSE	FALSE	FALSE
427	4.040277778	0.734189623	0.049355777	0.684833846	0.783545401	FALSE	FALSE	FALSE
320	3.022222222	0.800351684	0.04961965	0.750732033	0.849971334	FALSE	FALSE	FALSE
470	4.438888889	0.722847621	0.049761292	0.673086329	0.772608913	FALSE	FALSE	FALSE
365	3.447222222	0.744148077	0.049666252	0.694481825	0.793814329	FALSE	FALSE	FALSE
365	3.447222222	0.755930151	0.049369553	0.706560598	0.805299704	FALSE	FALSE	FALSE
412	3.898611111	0.759999893	0.049590129	0.710409763	0.809590022	FALSE	FALSE	FALSE
508	4.802777778	0.744047793	0.049834055	0.694213738	0.793881848	FALSE	FALSE	FALSE
455	4.297222222	0.723857416	0.049861261	0.673996155	0.773718677	FALSE	FALSE	FALSE
338	3.197222222	0.745666501	0.049904576	0.695761925	0.795571077	FALSE	FALSE	FALSE
335	3.163888889	0.756073216	0.049944238	0.706128978	0.806017455	FALSE	FALSE	FALSE
365	3.447222222	0.774661953	0.049427291	0.725234662	0.824089244	FALSE	FALSE	FALSE
430	4.061111111	0.746527347	0.049892804	0.696634542	0.796420151	FALSE	FALSE	FALSE
370	3.494444444	0.740639424	0.04990103	0.690738394	0.790540454	FALSE	FALSE	FALSE
367	3.473611111	0.744512727	0.049451676	0.695061051	0.793964403	FALSE	FALSE	FALSE
395	3.730555556	0.722945137	0.049885981	0.673059156	0.772831119	FALSE	FALSE	FALSE
395	3.730555556	0.742147922	0.049416595	0.692731327	0.791564518	FALSE	FALSE	FALSE
290	2.738888889	0.738105495	0.049662566	0.688442929	0.787768061	FALSE	FALSE	FALSE
305	2.880555556	0.802644126	0.04966075	0.752983376	0.852304876	FALSE	FALSE	FALSE
419	3.959722222	0.711755409	0.049978887	0.661776522	0.761734295	FALSE	FALSE	FALSE
425	4.013888889	0.803290221	0.048740668	0.754549553	0.852030888	FALSE	FALSE	FALSE
30	0.283333333	0.807387382	0	0.807387382	0.807387382	TRUE	FALSE	FALSE
385	3.636111111	0.76629507	0.049566546	0.716728524	0.815861616	FALSE	FALSE	FALSE
329	3.109722222	0.781628183	0.049716008	0.731912175	0.831344192	FALSE	FALSE	FALSE
415	3.919444444	0.73928307	0.049575858	0.689707212	0.788858927	FALSE	FALSE	FALSE
455	4.297222222	0.73265239	0.049592061	0.68306033	0.782244451	FALSE	FALSE	FALSE
361	3.419444444	0.71744848	0.049765782	0.667682699	0.767214262	FALSE	FALSE	FALSE
480	4.533333333	0.677677943	0.049828857	0.627849086	0.727506799	FALSE	FALSE	FALSE
460	4.344444444	0.755899552	0.049984407	0.705915144	0.805883959	FALSE	FALSE	FALSE
365	3.447222222	0.809212145	0.049731813	0.759480332	0.858943958	FALSE	FALSE	FALSE
375	3.541666667	0.73239355	0.049804963	0.682588587	0.782198513	FALSE	FALSE	FALSE
410	3.872222222	0.762725253	0.049272824	0.713452429	0.811998077	FALSE	FALSE	FALSE
