annotTriples	annotCost	estimatedAcc	lowerBound	upperBound
382	4.252777777777778	0.5052083333333333	0.4554682294136375	0.5548455527372015
309	3.433333333333333	0.5307443365695792	0.4804740128615412	0.5803983964520643
351	3.9	0.5071225071225068	0.4570583650676245	0.5570442107431405
364	4.052777777777778	0.4836065573770492	0.43380314128888114	0.533737762588924
426	4.733333333333333	0.4507042253521127	0.40144253045508205	0.5009516664298557
345	3.8333333333333335	0.4811594202898552	0.4313756705856958	0.5313200926844057
300	3.3333333333333335	0.5799999999999998	0.5292311595826432	0.6291305475260797
414	4.6	0.4758454106280194	0.42634160979814345	0.5258284654252272
349	3.886111111111111	0.5327635327635325	0.4827902221087723	0.5820879850780636
276	3.066666666666667	0.46376811594202894	0.41429991166552455	0.5139597981527054
324	3.6	0.5030864197530861	0.4531382423337578	0.5529730702041031
336	3.7333333333333334	0.47916666666666685	0.4296641781036196	0.5290816910920992
369	4.1	0.49864498644986444	0.4489358212468957	0.5483809522110566
408	4.533333333333333	0.47794117647058815	0.42822766345115687	0.5280955505310408
363	4.033333333333333	0.4958677685950413	0.44608825158965637	0.545729343605798
387	4.3	0.5116279069767441	0.46166683705459566	0.561357730420515
432	4.8	0.4884259259259261	0.43877045276591353	0.5383108795477524
421	4.686111111111111	0.5141843971631204	0.4642901270898531	0.56379754320854
309	3.433333333333333	0.5307443365695794	0.4804740128615414	0.5803983964520646
360	4.0	0.47222222222222243	0.4225769846051491	0.5224230033030202
390	4.333333333333333	0.5205128205128204	0.4703658902888208	0.5702497634539487
306	3.4	0.5228758169934642	0.47294497711250416	0.5723535968965928
399	4.433333333333334	0.4812030075187971	0.4314122089639236	0.5313699545828022
324	3.6	0.4783950617283953	0.42885145451314277	0.5283673870498274
405	4.5	0.5086419753086421	0.4586549908926002	0.5584567538717101
342	3.8	0.4912280701754387	0.44153791893892375	0.5410921524044068
315	3.5	0.4666666666666668	0.4170892763626266	0.5169112883691415
342	3.8	0.5029239766081873	0.45309523025552834	0.5526947089722024
417	4.633333333333334	0.5203836930455636	0.47025659197280345	0.5701036961050296
369	4.1	0.5040650406504065	0.4543067894678996	0.5537429000668985
423	4.7	0.5224586288416077	0.47250781257917246	0.5719642529978662
369	4.1	0.4986449864498643	0.44893582124689557	0.5483809522110565
472	5.252777777777778	0.4999999999999997	0.4500835796661493	0.5499164203338501
414	4.6	0.49758454106280176	0.4477073841994929	0.5475098175195547
356	3.959722222222222	0.48739495798319343	0.4376519860215192	0.5373888637568449
333	3.7	0.47147147147147145	0.42181711803344923	0.5216968644603374
338	3.7597222222222224	0.44395280235988216	0.394827335457808	0.494199116274718
405	4.5	0.5234567901234568	0.4734557547173968	0.572992015755072
381	4.233333333333333	0.5144356955380579	0.4643337822032274	0.5642491454232552
366	4.066666666666666	0.5491803278688523	0.49881409576363306	0.5985585117103047
405	4.5	0.5407407407407407	0.49041409837848515	0.5902498692098966
348	3.8666666666666667	0.4942528735632186	0.4445813772051943	0.5440380817624344
444	4.933333333333334	0.4954954954954955	0.4457140421459844	0.5453664208687374
342	3.8	0.4824561403508773	0.43292900977679355	0.5323303829202
366	4.066666666666666	0.5300546448087432	0.4799780504291328	0.5795333418371919
396	4.4	0.462121212121212	0.41251427032096943	0.5124896838489882
381	4.233333333333333	0.5275590551181104	0.47749059322368087	0.5770792123076176
426	4.733333333333333	0.5093896713615023	0.4593352127983992	0.5592565662809694
402	4.466666666666667	0.5422885572139305	0.49213637839819196	0.5915980782343578
310	3.452777777777778	0.5160256410256407	0.4660410103355501	0.5656916703019923
397	4.419444444444444	0.48370927318295737	0.43387454441304996	0.5338701304639946
435	4.833333333333333	0.5126436781609195	0.4626441636110657	0.562391436310501
408	4.533333333333333	0.46813725490196095	0.4186669234185478	0.5182419875617605
339	3.7666666666666666	0.44542772861356933	0.3961552077370458	0.4957968173216115
357	3.966666666666667	0.47899159663865554	0.42941839069833654	0.5289820411264523
264	2.933333333333333	0.481060606060606	0.43139695248216015	0.531101347052532
339	3.7666666666666666	0.5250737463126846	0.4748746342202162	0.5747711716143511
357	3.966666666666667	0.4901960784313726	0.44040260947875565	0.5401848471136347
371	4.126388888888889	0.5013440860215055	0.45145762318673743	0.5512038032336514
306	3.4	0.4967320261437908	0.446870867079248	0.5466582698286023
318	3.533333333333333	0.41823899371069223	0.369280955979241	0.46886268590909036
390	4.333333333333333	0.5153846153846153	0.465235505225481	0.5652258043253608
279	3.1	0.5125448028673835	0.46253371068204396	0.5623059846567899
336	3.7333333333333334	0.49404761904761924	0.44426380197656323	0.5439497537797636
381	4.233333333333333	0.5196850393700787	0.4695839912386538	0.5693932841410928
375	4.166666666666667	0.4719999999999999	0.4223658455099052	0.5221939691580983
345	3.8333333333333335	0.5333333333333331	0.48327760862738217	0.5827268011216368
342	3.8	0.46198830409356706	0.4124010576602267	0.5123392137173602
336	3.7333333333333334	0.5029761904761904	0.45309469302645744	0.552798514112455
366	4.066666666666666	0.5136612021857924	0.46352577879155743	0.5635232134907402
423	4.7	0.482269503546099	0.4326663645593151	0.5322245641909129
435	4.833333333333333	0.4919540229885056	0.4421358386231293	0.5419325142802709
438	4.866666666666666	0.48173515981735154	0.4319840014988518	0.53185112675554
392	4.3597222222222225	0.459287531806616	0.4099949143476207	0.5093898908496834
445	4.9527777777777775	0.48322147651006714	0.4335241864634402	0.5332528912262108
300	3.3333333333333335	0.48999999999999966	0.44028769642458854	0.5399108777817334
342	3.8	0.49122807017543857	0.4415379189389236	0.5410921524044067
396	4.4	0.5075757575757576	0.45759977229737314	0.5574007957545156
396	4.4	0.5101010101010099	0.4601126284732293	0.5598881960124675
405	4.5	0.5135802469135801	0.46357477032885874	0.5633153285626548
366	4.066666666666666	0.5273224043715847	0.477224181179028	0.5768763651236878
372	4.133333333333334	0.5215053763440858	0.47149027457269416	0.5710929982848899
378	4.2	0.5079365079365079	0.45805471742271875	0.5576607771382751
381	4.233333333333333	0.5643044619422576	0.5138239360933107	0.6134863047323843
345	3.8333333333333335	0.5507246376811594	0.5003358082206174	0.6000934929861895
399	4.433333333333334	0.5187969924812031	0.468630045417198	0.5685877910360765
336	3.7333333333333334	0.5059523809523807	0.4560502462202363	0.5557361980234368
378	4.2	0.5079365079365077	0.4580547174227185	0.5576607771382749
348	3.8666666666666667	0.5086206896551723	0.45882052541520957	0.5582503504339853
342	3.8	0.49415204678362556	0.44441878978078314	0.5440013040252415
378	4.2	0.5582010582010584	0.5077505719566437	0.6074781184709406
423	4.7	0.5082742316784873	0.45834711546629087	0.5580368439654895
306	3.4	0.49999999999999983	0.45010236089809647	0.5498976391019033
393	4.366666666666666	0.4681933842239187	0.418568353012618	0.5184556678047059
423	4.7	0.4586288416075651	0.40921554914680824	0.5088694470831985
351	3.9	0.507122507122507	0.45705836506762454	0.5570442107431406
372	4.133333333333334	0.5107526881720431	0.4607387977603578	0.5605522283758335
375	4.166666666666667	0.5226666666666667	0.47244426926486677	0.5724348917305275
399	4.433333333333334	0.4736842105263157	0.4240639013981717	0.5238298148474465
437	4.8597222222222225	0.4703196347031965	0.4208152377572156	0.5204149577999067
300	3.3333333333333335	0.5099999999999999	0.4600891222182661	0.5597123035754111
335	3.7263888888888888	0.5238095238095238	0.47390189078235245	0.5732461336744392
388	4.319444444444445	0.476923076923077	0.4272530268353209	0.5270537998056336
334	3.7194444444444446	0.47916666666666685	0.4296727440084027	0.5290729818346632
330	3.6666666666666665	0.4878787878787879	0.4381548255424526	0.5378438091044833
381	4.233333333333333	0.49081364829396323	0.44091115768478967	0.5408998859256898
375	4.166666666666667	0.5493333333333336	0.4988835561531233	0.5987887313382219
323	3.5930555555555554	0.49845679012345684	0.4486420713335198	0.548302163937259
354	3.933333333333333	0.53954802259887	0.4893859390197319	0.5889215903779126
366	4.066666666666666	0.5136612021857924	0.4635257787915575	0.5635232134907402
312	3.466666666666667	0.5192307692307693	0.4692494986742977	0.5688300844884081
455	5.059722222222222	0.5054824561403507	0.45566042345522245	0.5551958432194122
402	4.466666666666667	0.4975124378109455	0.4477713752888885	0.5473027876206736
393	4.366666666666666	0.49109414758269704	0.4414583805268874	0.5409061251481451
357	3.966666666666667	0.5238095238095236	0.4738313285640589	0.5733153693360442
411	4.566666666666666	0.445255474452555	0.3959748563474295	0.4956366503290251
345	3.8333333333333335	0.48115942028985514	0.4313756705856957	0.5313200926844056
414	4.6	0.5096618357487923	0.45968831282685596	0.5594429977570686
425	4.726388888888889	0.5082159624413146	0.4582198301260537	0.5580482949684121
426	4.733333333333333	0.5211267605633803	0.47105049163150764	0.5707820158762293
417	4.633333333333334	0.4556354916067147	0.4061454611688589	0.5060174945564004
339	3.7666666666666666	0.5250737463126841	0.4748746342202157	0.5747711716143507
318	3.533333333333333	0.4559748427672958	0.406431045925291	0.5064054993795415
390	4.333333333333333	0.5282051282051281	0.4780906392642969	0.5777574959502454
345	3.8333333333333335	0.47246376811594204	0.42289788985462407	0.5225785068816139
414	4.6	0.5120772946859905	0.46209410091810477	0.5618201254571256
390	4.333333333333333	0.43589743589743607	0.3866815450310198	0.48640950130452054
334	3.7194444444444446	0.5208333333333334	0.47092701816533705	0.5703272559915976
336	3.7333333333333334	0.49107142857142844	0.44133204820726285	0.5409882104908565
450	5.0	0.5244444444444445	0.474334518212407	0.5740669411946417
417	4.633333333333334	0.5179856115107911	0.4678574477213482	0.5677543440095763
378	4.2	0.44444444444444453	0.39505220707252015	0.4949594540211038
447	4.966666666666667	0.4966442953020134	0.4467544574213916	0.5466010444949998
402	4.466666666666667	0.4925373134328357	0.44285945575603564	0.5423629791006837
351	3.9	0.48148148148148157	0.43176711535316625	0.5315652256485561
348	3.8666666666666667	0.53735632183908	0.4870739725088751	0.586890152587346
375	4.166666666666667	0.46666666666666684	0.41718348361542784	0.51681453077305
396	4.4	0.5025252525252524	0.452585031243189	0.5524151389482892
375	4.166666666666667	0.5306666666666666	0.48049352951081703	0.5802274495192619
381	4.233333333333333	0.4776902887139106	0.42804070281411266	0.5277846635999648
303	3.3666666666666667	0.537953795379538	0.48782650884668344	0.5873252847633293
336	3.7333333333333334	0.5416666666666664	0.4913099469974414	0.5911863572417171
369	4.1	0.4932249322493224	0.443582875207586	0.5430009425329534
369	4.1	0.5040650406504065	0.4543067894678997	0.5537429000668986
422	4.6930555555555555	0.5011820330969267	0.4513068380646578	0.5510337162964
378	4.2	0.4259259259259262	0.37691262248917723	0.4764393101797604
397	4.419444444444444	0.4736842105263159	0.4240743627184232	0.5238191308854157
438	4.866666666666666	0.5273972602739728	0.47729837549818194	0.5769503845164174
324	3.6	0.5030864197530863	0.45313824233375805	0.5529730702041034
396	4.4	0.48232323232323215	0.4326712663777224	0.5323267367600758
402	4.466666666666667	0.4925373134328359	0.44285945575603586	0.5423629791006839
387	4.3	0.5219638242894055	0.47200207265439087	0.5714899548887341
408	4.533333333333333	0.5539215686274512	0.5036663995068005	0.6030981096501005
306	3.4	0.5098039215686273	0.4598441969772299	0.5595685728647474
373	4.152777777777778	0.5226666666666667	0.4724535964042656	0.572425732507776
375	4.166666666666667	0.5546666666666665	0.5043326656851833	0.6039037127748287
381	4.233333333333333	0.5223097112860888	0.47221533640003466	0.5719592971858868
378	4.2	0.49470899470899476	0.4449480162600554	0.5445750169654477
387	4.3	0.5090439276485786	0.45909291728423146	0.5588150051467237
339	3.7666666666666666	0.5545722713864306	0.5042031826783884	0.6038447922629542
414	4.6	0.4879227053140097	0.4381798745428746	0.5379058990818955
435	4.833333333333333	0.49195402298850593	0.44213583862312955	0.5419325142802711
342	3.8	0.4941520467836257	0.44441878978078325	0.5440013040252416
377	4.1930555555555555	0.515873015873016	0.46597284325405625	0.5654586705362462
357	3.966666666666667	0.4313725490196078	0.3824485570752702	0.4816735801896838
351	3.9	0.4843304843304845	0.43455653071254013	0.5344172601153557
453	5.033333333333333	0.4790286975717439	0.4292467602319008	0.5292306573885451
378	4.2	0.45767195767195784	0.4082815755514832	0.5079086017534702
390	4.333333333333333	0.517948717948718	0.4677987630264037	0.5677396646819446
423	4.7	0.5106382978723403	0.4606996635685657	0.5603654910864536
439	4.886111111111111	0.503401360544218	0.4536360244538334	0.5530993944897928
318	3.533333333333333	0.4496855345911948	0.4004126062211549	0.4999658808203263
420	4.666666666666667	0.49761904761904735	0.4479081427229834	0.5473770681783097
434	4.826388888888889	0.5195402298850577	0.46953401522592847	0.5691579861102715
330	3.6666666666666665	0.49393939393939384	0.4441175227784613	0.5438819242977517
352	3.9194444444444443	0.4971751412429376	0.4475353061701321	0.5468707268109991
369	4.1	0.4932249322493225	0.4435828752075861	0.5430009425329535
369	4.1	0.5013550135501355	0.4516190477889432	0.5510641787531042
366	4.066666666666666	0.48360655737704966	0.43379705450848377	0.533743929760183
350	3.8930555555555557	0.502849002849003	0.4528904241216712	0.5527507587445459
345	3.8333333333333335	0.46956521739130447	0.42008282511310363	0.519653309515123
348	3.8666666666666667	0.5000000000000001	0.45026089861557905	0.5497391013844212
351	3.9	0.5527065527065528	0.502452923457907	0.6019059535742756
414	4.6	0.5144927536231882	0.46450310870012074	0.5641940922914168
357	3.966666666666667	0.5154061624649859	0.46540646383778494	0.5650993394632543
324	3.6	0.4753086419753088	0.4258452408709346	0.5252613010818291
339	3.7666666666666666	0.4778761061946902	0.4281031793327113	0.5280922735393628
380	4.226388888888889	0.45275590551181094	0.40341627869524854	0.503041711966065
438	4.866666666666666	0.48173515981735177	0.431984001498852	0.5318511267555401
342	3.8	0.5029239766081872	0.4530952302555282	0.5526947089722023
370	4.1194444444444445	0.5188172043010751	0.46880306630105545	0.5684570731355237
386	4.293055555555555	0.49354005167958653	0.4437327504416524	0.5434759103123817
381	4.233333333333333	0.4776902887139106	0.42804070281411266	0.5277846635999648
422	4.6930555555555555	0.4444444444444444	0.3951346309026878	0.49487324359363255
318	3.533333333333333	0.45597484276729566	0.40643104592529095	0.5064054993795414
378	4.2	0.4603174603174604	0.4108364591151292	0.5105932117972946
420	4.666666666666667	0.4380952380952383	0.3887372716733925	0.4887096814832545
384	4.266666666666667	0.5286458333333334	0.4783922651975132	0.5783253856394797
318	3.533333333333333	0.5157232704402515	0.46572346586287566	0.5654102700579532
363	4.033333333333333	0.5096418732782371	0.4597492979234781	0.5593431041255015
339	3.7666666666666666	0.5309734513274337	0.48082636594661343	0.5805027237570521
372	4.133333333333334	0.5295698924731186	0.4796010456980052	0.5789529536635193
329	3.6597222222222223	0.5015151515151512	0.45169280335843914	0.5513074294780617
372	4.133333333333334	0.5645161290322578	0.5141000136364224	0.6136325362861392
426	4.733333333333333	0.45305164319248825	0.40370716020266945	0.503336349199415
424	4.719444444444444	0.46948356807511743	0.4200327749140924	0.5195409380449809
345	3.8333333333333335	0.46956521739130436	0.42008282511310346	0.5196533095151229
342	3.8	0.5058479532163743	0.45599869597475845	0.5555812102192167
402	4.466666666666667	0.5000000000000001	0.4502325510567802	0.54976744894322
315	3.5	0.46031746031746057	0.41096799737241607	0.5104574199410504
318	3.533333333333333	0.4874213836477989	0.4376716132661019	0.5374216270792512
369	4.1	0.4878048780487804	0.4382478872814683	0.5376027764198593
369	4.1	0.5040650406504065	0.4543067894678997	0.5537429000668986
447	4.966666666666667	0.48993288590604017	0.4401326578245312	0.5399337365603292
438	4.866666666666666	0.511415525114155	0.4613154648685564	0.561287285698558
312	3.466666666666667	0.5064102564102564	0.4564370856063482	0.5562556660520761
363	4.033333333333333	0.45730027548209384	0.40789744547468976	0.507557471749558
384	4.266666666666667	0.5052083333333334	0.4554678789466948	0.5548459017557978
369	4.1	0.5094850948509484	0.45969586425199255	0.5590868603051391
411	4.566666666666666	0.5109489051094892	0.4611107685683027	0.5605703211833264
399	4.433333333333334	0.4511278195488724	0.4017428959343957	0.5014946260356397
294	3.2666666666666666	0.5646258503401359	0.5140568824940331	0.6138850797509524
423	4.7	0.5011820330969267	0.4513074930601138	0.5510330619183413
351	3.9	0.4786324786324787	0.4289828635993608	0.5287078667597844
393	4.366666666666666	0.4987277353689568	0.44899406026624594	0.5484865983306686
351	3.9	0.5299145299145299	0.47989641036588276	0.5793389070302697
393	4.366666666666666	0.49109414758269715	0.44145838052688746	0.5409061251481452
404	4.493055555555555	0.5160493827160489	0.4660352753944167	0.5657440434380233
408	4.533333333333333	0.45098039215686264	0.4016166246571309	0.5013282699643893
397	4.419444444444444	0.4761904761904762	0.42649516660361414	0.5263617752594452
447	4.966666666666667	0.4966442953020134	0.4467544574213916	0.5466010444949998
435	4.833333333333333	0.5057471264367815	0.45578329342129886	0.5555964311102377
387	4.3	0.5219638242894058	0.4720020726543912	0.5714899548887344
478	5.319444444444445	0.5187500000000002	0.46861465920517564	0.5685105991250581
360	4.0	0.5277777777777778	0.4775769966969801	0.5774230153948512
321	3.566666666666667	0.44548286604361376	0.3960557624016999	0.4960123386154744
411	4.566666666666666	0.5328467153284673	0.48260576554380874	0.582430226271373
381	4.233333333333333	0.4566929133858268	0.4071467593299212	0.5071110668829454
288	3.2	0.49305555555555564	0.4434674385832304	0.5427806864918957
401	4.472222222222222	0.5012345679012348	0.4513015961060345	0.5511429264830547
357	3.966666666666667	0.4789915966386556	0.42941839069833665	0.5289820411264524
312	3.466666666666667	0.47756410256410226	0.42804472856533976	0.5275284603753406
348	3.8666666666666667	0.49425287356321845	0.4445813772051942	0.5440380817624342
421	4.686111111111111	0.49881796690307334	0.4489645871644469	0.5486948600751969
342	3.8	0.5000000000000001	0.4501974335623861	0.549802566437614
294	3.2666666666666666	0.4965986394557824	0.446860529738224	0.5464041599784708
396	4.4	0.4747474747474746	0.4252631755731342	0.5247327459457807
426	4.733333333333333	0.5117370892018777	0.46167235466567463	0.561567446361823
411	4.566666666666666	0.4695863746958634	0.41993658919547183	0.5198455579246789
364	4.052777777777778	0.5355191256830599	0.4855160086948883	0.584818221895388
345	3.8333333333333335	0.45217391304347826	0.4026837776244357	0.5026282408518298
332	3.6930555555555555	0.5300300300300299	0.47990520298028333	0.5795563025691682
433	4.819444444444445	0.47816091954023004	0.42857457316828745	0.5281814400818489
300	3.3333333333333335	0.5100000000000001	0.4600891222182663	0.5597123035754114
381	4.233333333333333	0.48556430446194204	0.4357508545767447	0.5356662177967725
348	3.8666666666666667	0.49712643678160917	0.44741845683656206	0.5468912855039038
339	3.7666666666666666	0.5280235988200591	0.4778475028056203	0.5776398073909833
372	4.133333333333334	0.49193548387096775	0.442093838410991	0.541937958629284
406	4.519444444444445	0.5343137254901962	0.4842095253865322	0.5837349646579508
345	3.8333333333333335	0.5333333333333332	0.4832776086273823	0.5827268011216369
435	4.833333333333333	0.45287356321839095	0.4036078127558423	0.5030801978131861
384	4.266666666666667	0.49218749999999994	0.4425856460445779	0.5419436414270398
372	4.133333333333334	0.49462365591397833	0.44474426385114424	0.5446102992322881
369	4.1	0.5094850948509485	0.4596958642519927	0.5590868603051392
354	3.933333333333333	0.49435028248587587	0.4447505814404426	0.5440614399560685
438	4.866666666666666	0.4794520547945205	0.42974641747139486	0.5295678706486026
359	3.9930555555555554	0.5180555555555556	0.4678847875533664	0.5678648895431294
387	4.3	0.5090439276485788	0.45909291728423157	0.5588150051467238
360	4.0	0.475	0.42528137903925056	0.5252192387646749
414	4.6	0.49516908212560384	0.4453207530808724	0.5451136386145593
372	4.133333333333334	0.47849462365591383	0.4289070017151096	0.5285097254273053
408	4.533333333333333	0.5171568627450983	0.46699810867807834	0.5669722567121069
351	3.9	0.4871794871794873	0.43735111192004755	0.5372639928393624
412	4.586111111111111	0.49516908212560384	0.44532119044346963	0.5451131995617661
468	5.2	0.5256410256410258	0.4754204847936744	0.5753481509056454
381	4.233333333333333	0.4803149606299213	0.4306067158589072	0.5304160087613462
392	4.372222222222222	0.4835858585858587	0.4339761084850091	0.5335212593949737
348	3.8666666666666667	0.5057471264367817	0.4559619182375658	0.5554186227948059
458	5.093055555555556	0.5152505446623096	0.46529883897734514	0.5648993923427104
351	3.9	0.49287749287749294	0.4429557892568594	0.5429416349323753
356	3.959722222222222	0.4943977591036416	0.4446158574433303	0.5442909926137247
447	4.966666666666667	0.5234899328859056	0.4734699170659556	0.5730431314787023
366	4.066666666666666	0.5273224043715846	0.477224181179028	0.5768763651236878
388	4.319444444444445	0.4769230769230773	0.42722920879602067	0.5270780618100516
405	4.5	0.5037037037037035	0.45374891181285076	0.5535846606447876
353	3.926388888888889	0.4689265536723164	0.4192867467997965	0.5191889957519507
372	4.133333333333334	0.5215053763440861	0.4714902745726946	0.5710929982848904
433	4.819444444444445	0.5011494252873564	0.45122205510437613	0.5510538840997035
405	4.5	0.43703703703703717	0.38793582841256774	0.48740401676652695
339	3.7666666666666666	0.4749262536873159	0.4252288283856494	0.5251253657797843
387	4.3	0.503875968992248	0.4539568586163707	0.5537179253945996
372	4.133333333333334	0.49731182795698925	0.4473990544844021	0.5472782365720428
387	4.3	0.5038759689922478	0.4539568586163705	0.5537179253945994
384	4.266666666666667	0.5078124999999999	0.45805635857296	0.5574143539554219
368	4.093055555555556	0.49593495934959375	0.4462554270312601	0.5456948888527997
432	4.8	0.4999999999999999	0.45019468791451533	0.5498053120854846
432	4.8	0.5023148148148149	0.4524879387603752	0.5520957560182814
387	4.3	0.5090439276485786	0.45909291728423146	0.5588150051467237
348	3.8666666666666667	0.48850574712643696	0.4389232655576971	0.5383154465668352
405	4.5	0.488888888888889	0.43911227087031834	0.538886836538654
357	3.966666666666667	0.4705882352941174	0.4212318642741688	0.5205265670377346
411	4.566666666666666	0.4987834549878344	0.4490330976205035	0.5485579127125293
330	3.6666666666666665	0.5	0.4501052361473061	0.5498947638526939
441	4.9	0.5396825396825398	0.489572430794071	0.5890030854428907
332	3.6930555555555555	0.533033033033033	0.48294308299580985	0.5824657741410356
335	3.738888888888889	0.4778761061946902	0.4281149349546384	0.5280803076367775
396	4.4	0.4621212121212122	0.4125142703209697	0.5124896838489885
411	4.566666666666666	0.5401459854014601	0.48998004513904625	0.5895114045905588
366	4.066666666666666	0.47540983606557363	0.4257851644076958	0.5255249289958803
342	3.8	0.4941520467836258	0.44441878978078336	0.5440013040252417
422	4.6930555555555555	0.5141843971631206	0.4642872034956683	0.5638004339492154
393	4.366666666666666	0.46564885496183217	0.4160972164801841	0.515887854514345
288	3.2	0.45138888888888923	0.4022162297508411	0.5015295217899816
387	4.3	0.503875968992248	0.4539568586163707	0.5537179253945996
419	4.659722222222222	0.49761904761904774	0.4479071921179191	0.5473780205862002
312	3.466666666666667	0.49999999999999994	0.4500758557974162	0.5499241442025836
357	3.966666666666667	0.49579831932773116	0.44592427418738306	0.5457561215653634
364	4.052777777777778	0.4781420765027322	0.428460095261602	0.5282602964497645
357	3.966666666666667	0.4985994397759103	0.4486925180679246	0.548534284329066
390	4.333333333333333	0.535897435897436	0.48585079592676	0.5852313568685477
417	4.633333333333334	0.5179856115107916	0.4678574477213487	0.5677543440095767
375	4.166666666666667	0.5653333333333332	0.5147349523161036	0.6146060100674557
354	3.933333333333333	0.5028248587570622	0.4531338882946915	0.552460089072709
354	3.933333333333333	0.4632768361581918	0.41380697387065124	0.5134802885188451
412	4.586111111111111	0.5434782608695655	0.4932347660851081	0.5928523204986461
357	3.966666666666667	0.5182072829131652	0.4682096781232183	0.5678429329316329
385	4.286111111111111	0.48966408268733863	0.4399780608114144	0.539555164957992
342	3.8	0.4824561403508771	0.4329290097767933	0.5323303829201997
380	4.226388888888889	0.510498687664042	0.460472105458608	0.5603158603453204
386	4.293055555555555	0.5374677002583979	0.48710224826007514	0.5870799454873982
294	3.2666666666666666	0.5170068027210883	0.4671739362266927	0.5665036925018547
405	4.5	0.488888888888889	0.43911227087031834	0.538886836538654
349	3.886111111111111	0.47578347578347574	0.4261861566809731	0.5258631214633814
389	4.326388888888889	0.5307692307692307	0.4806804265787006	0.580245693424015
372	4.133333333333334	0.5188172043010753	0.46879570523998904	0.5684643244312423
435	4.833333333333333	0.4643678160919542	0.4147423694564618	0.5147090298922445
351	3.9	0.5527065527065529	0.5024529234579072	0.6019059535742757
389	4.326388888888889	0.4743589743589743	0.4247470373947524	0.5244823523084207
360	4.0	0.4472222222222223	0.39788093048885104	0.4976253941678979
420	4.666666666666667	0.5071428571428573	0.4573499794511019	0.5567944320090435
393	4.366666666666666	0.46564885496183217	0.41609721648018416	0.5158878545143452
375	4.166666666666667	0.4666666666666667	0.4171834836154276	0.5168145307730497
264	2.933333333333333	0.48863636363636354	0.4387995865562697	0.5387000774033484
435	4.833333333333333	0.5011494252873564	0.4512231716579453	0.5510527685706471
372	4.133333333333334	0.49193548387096775	0.4420938384109909	0.541937958629284
393	4.366666666666666	0.5089058524173027	0.45909387485185466	0.5585416194731124
393	4.366666666666666	0.5012722646310431	0.45151340166933135	0.5510059397337539
378	4.2	0.5026455026455027	0.4527994556990828	0.552439018810345
324	3.6	0.5216049382716049	0.4716326129501727	0.5711485454868575
342	3.8	0.4385964912280705	0.3893709638596231	0.48906098405635345
288	3.2	0.4583333333333333	0.4088484695413463	0.5086540393461747
348	3.8666666666666667	0.5143678160919538	0.46455402154063635	0.5638977813882514
411	4.566666666666666	0.5304136253041366	0.48015444207532115	0.5800634108045282
350	3.8930555555555557	0.5099715099715102	0.45989670638493985	0.5598470030778512
345	3.8333333333333335	0.5275362318840578	0.47742149311838594	0.5771021101453758
385	4.286111111111111	0.5478036175710598	0.49762695079953534	0.5970270224357953
387	4.3	0.47545219638242897	0.42598664882129694	0.5254041579512293
393	4.366666666666666	0.4681933842239183	0.4185683530126177	0.5184556678047056
343	3.8194444444444446	0.44927536231884074	0.39993000649854393	0.49963971149304953
363	4.033333333333333	0.5096418732782367	0.45974929792347774	0.5593431041255011
399	4.433333333333334	0.4812030075187972	0.43141220896392374	0.5313699545828023
357	3.966666666666667	0.47619047619047616	0.4266846306639555	0.5261686714359408
369	4.1	0.48780487804878053	0.43824788728146846	0.5376027764198595
371	4.126388888888889	0.4946236559139785	0.44474514428349127	0.5446094150096721
339	3.7666666666666666	0.5309734513274336	0.4808263659466133	0.580502723757052
428	4.759722222222222	0.45571095571095577	0.40621466330566597	0.5060978790009897
372	4.133333333333334	0.48387096774193544	0.4341686937785326	0.5338943858997124
372	4.133333333333334	0.5053763440860215	0.4553897007677118	0.5552557361488556
387	4.3	0.4832041343669251	0.4335684271643593	0.5331734834971947
312	3.466666666666667	0.5	0.45007585579741627	0.5499241442025837
375	4.166666666666667	0.5226666666666666	0.47244426926486655	0.5724348917305273
324	3.6	0.478395061728395	0.4288514545131425	0.5283673870498271
348	3.8666666666666667	0.48850574712643674	0.43892326555769695	0.5383154465668349
402	4.466666666666667	0.48258706467661694	0.4330772142655422	0.5324411711324658
321	3.566666666666667	0.47040498442367584	0.4207167207993333	0.5206868536617308
356	3.959722222222222	0.4929971988795519	0.44316228649341616	0.5429716609327603
351	3.9	0.5270655270655268	0.47702292401693613	0.5765701495988529
423	4.7	0.5130023640661938	0.4630552274685455	0.56269117041749
376	4.186111111111111	0.4947089947089945	0.4449483556925812	0.5445746760983518
355	3.952777777777778	0.5098039215686274	0.4598177394771567	0.5595948241014127
342	3.8	0.4999999999999999	0.450197433562386	0.5498025664376139
468	5.2	0.5128205128205128	0.4629547368673131	0.5624323849696413
354	3.933333333333333	0.4971751412429377	0.44753991092729084	0.5468661117053084
330	3.6666666666666665	0.4909090909090909	0.4411330524917874	0.5408660370484359
438	4.866666666666666	0.5136986301369861	0.46359054871296357	0.5635328515088459
396	4.4	0.5000000000000002	0.45008312869038236	0.5499168713096181
357	3.966666666666667	0.504201680672269	0.4542438784346368	0.5540757258126171
414	4.6	0.45652173913043465	0.4071303789058463	0.5067831492830629
288	3.2	0.5034722222222223	0.45376709466866016	0.5531088133291405
366	4.066666666666666	0.5218579234972677	0.47173069671709306	0.5715487554456353
260	2.8930555555555557	0.5363984674329506	0.4861786265274481	0.5858907075745583
291	3.2333333333333334	0.4742268041237115	0.4245679181655424	0.5244007873943066
315	3.5	0.4412698412698413	0.3920296844115053	0.49169285734199475
340	3.786111111111111	0.4941520467836256	0.4444119969806629	0.5440081285521978
381	4.233333333333333	0.4829396325459317	0.43317676599190835	0.5330431881814733
336	3.7333333333333334	0.49107142857142866	0.441332048207263	0.5409882104908567
336	3.7333333333333334	0.42559523809523814	0.3763610340412104	0.4763505657054586
441	4.9	0.5306122448979592	0.48042752413200496	0.5801854123392775
363	4.033333333333333	0.5895316804407713	0.5390040259528929	0.6382382240443621
376	4.186111111111111	0.4973544973544972	0.4475570939538399	0.5472044397432317
339	3.7666666666666666	0.528023598820059	0.4778475028056201	0.5776398073909831
328	3.6527777777777777	0.493939393939394	0.44411758760445164	0.543881859157389
342	3.8	0.5087719298245615	0.4589078475955934	0.5584620810610763
405	4.5	0.4938271604938271	0.4439776008423633	0.5437997567705601
450	5.0	0.5177777777777778	0.46766337625868576	0.567537076867016
330	3.6666666666666665	0.4909090909090909	0.4411330524917874	0.5408660370484358
384	4.266666666666667	0.5364583333333331	0.48627748937770404	0.5859115077941871
367	4.086111111111111	0.4634146341463415	0.4138898041838409	0.513671867591408
387	4.3	0.5116279069767441	0.46166683705459566	0.561357730420515
414	4.6	0.5193236714975846	0.469330821579615	0.5689325524593405
381	4.233333333333333	0.4829396325459318	0.43317676599190846	0.5330431881814736
330	3.6666666666666665	0.4787878787878787	0.4292575405715696	0.5287388190716417
426	4.733333333333333	0.5117370892018774	0.4616723546656744	0.5615674463618228
388	4.319444444444445	0.5153846153846153	0.46524106069692645	0.5652203168631844
390	4.333333333333333	0.4846153846153845	0.43477419567463893	0.5347644947745188
297	3.3	0.5387205387205385	0.4886637210085521	0.5880084955122576
446	4.959722222222222	0.5234899328859058	0.4734746416405783	0.5730384946737047
350	3.8930555555555557	0.5227920227920227	0.47279991237633723	0.5723316211342234
356	3.959722222222222	0.48319327731092443	0.43360175159795683	0.5331180664859942
365	4.059722222222222	0.47131147540983614	0.42186392488395413	0.5213285251981284
348	3.8666666666666667	0.5028735632183908	0.45310871449609624	0.5525815431634379
393	4.366666666666666	0.5648854961832059	0.5142262144270944	0.614225098902446
371	4.126388888888889	0.5295698924731184	0.4796080583677125	0.578946104438075
350	3.8930555555555557	0.5128205128205127	0.4627389423534192	0.5626459828304821
366	4.066666666666666	0.5218579234972677	0.4717306967170931	0.5715487554456353
373	4.152777777777778	0.5333333333333333	0.4831633530131819	0.5828380500824867
405	4.5	0.4962962962962964	0.44641533935521244	0.5462510881871493
369	4.1	0.5067750677506778	0.4569990574670469	0.5564171247924143
456	5.066666666666666	0.4912280701754389	0.44151357586295187	0.5411166662373535
387	4.3	0.5219638242894055	0.4720020726543908	0.5714899548887341
455	5.059722222222222	0.5274122807017545	0.4771862617998196	0.5770894815758355
363	4.033333333333333	0.5123966942148761	0.46249577052861157	0.5620517313251577
318	3.533333333333333	0.5220125786163521	0.4720351295612048	0.5715531712116694
429	4.766666666666667	0.4731934731934732	0.4235512591239547	0.5233714156301132
342	3.8	0.47953216374269003	0.4300705914152662	0.5293982781832999
339	3.7666666666666666	0.4483775811209441	0.3989726100584022	0.4988228890153646
366	4.066666666666666	0.47540983606557363	0.4257851644076958	0.5255249289958803
483	5.366666666666666	0.5093167701863351	0.45947489946453307	0.5589741037123621
363	4.033333333333333	0.4848484848484846	0.43524433466024903	0.5347529677290283
413	4.593055555555556	0.4999999999999999	0.4500967924286457	0.5499032075713542
426	4.733333333333333	0.5093896713615024	0.4593352127983993	0.5592565662809695
363	4.033333333333333	0.48484848484848503	0.4352443346602495	0.5347529677290287
285	3.1666666666666665	0.5192982456140349	0.4691753871828046	0.5690356485889019
429	4.766666666666667	0.5337995337995336	0.4836643179794512	0.5832611512687483
333	3.7	0.5765765765765766	0.5262210909293189	0.6253900749449449
435	4.833333333333333	0.5034482758620689	0.45350185727319625	0.5533259680898938
393	4.366666666666666	0.48600508905852396	0.4364531592790317	0.5358336745428915
298	3.3194444444444446	0.5066666666666666	0.4567676191229908	0.5564332477277081
294	3.2666666666666666	0.5034013605442179	0.45359584002152953	0.5531394702617763
366	4.066666666666666	0.48633879781420775	0.43647678650926003	0.5364742212084427
414	4.6	0.5072463768115943	0.4572857356819961	0.5570627061370952
423	4.7	0.5437352245862883	0.4935253934989078	0.593071655180916
372	4.133333333333334	0.4946236559139782	0.4447442638511441	0.5446102992322879
294	3.2666666666666666	0.4897959183673469	0.44016073096549113	0.5396331228863835
374	4.159722222222222	0.5186666666666667	0.4685016794159543	0.5684581302799222
423	4.7	0.49645390070921996	0.44662936667394476	0.5463489630645726
421	4.686111111111111	0.5200945626477541	0.4701282417086073	0.5696620927032614
366	4.066666666666666	0.4371584699453554	0.38783389169870985	0.4877579030575282
318	3.533333333333333	0.5094339622641508	0.4594403940260254	0.5592395421705703
387	4.3	0.47803617571059454	0.4285100451112659	0.5279979273456092
321	3.566666666666667	0.4641744548286606	0.41469043122738086	0.5143741006409015
398	4.426388888888889	0.4786967418546366	0.42895328436490915	0.5288662892703483
408	4.533333333333333	0.45588235294117646	0.40634452755011446	0.5063087482521464
318	3.533333333333333	0.42138364779874216	0.37221870347593045	0.47215841461833585
389	4.326388888888889	0.5243589743589742	0.47428623397219816	0.5739466982426026
378	4.2125	0.5183727034120732	0.46834235671565533	0.5680373453060111
300	3.3333333333333335	0.5066666666666668	0.4567679190911879	0.5564329493500375
336	3.7333333333333334	0.49404761904761896	0.4442638019765629	0.5439497537797634
438	4.866666666666666	0.5182648401826485	0.46814887324446014	0.5680159985011484
369	4.1	0.44715447154471555	0.3977137989003909	0.4976627823198703
366	4.066666666666666	0.5300546448087431	0.4799780504291327	0.5795333418371919
461	5.126388888888889	0.4837662337662338	0.4340567270274741	0.533799082421347
432	4.8	0.49537037037037035	0.44561660236485323	0.5452159983926148
381	4.233333333333333	0.5118110236220471	0.46171488754544576	0.5616710159967082
402	4.466666666666667	0.507462686567164	0.45763702089931596	0.557140544243964
359	3.9930555555555554	0.4791666666666669	0.4294187002350013	0.5293312877716045
426	4.733333333333333	0.5164319248826292	0.46635549223408257	0.5661805175500062
393	4.366666666666666	0.4961832061068701	0.4464784471937948	0.5459635211343917
336	3.7333333333333334	0.4791666666666668	0.42966417810361957	0.5290816910920991
381	4.233333333333333	0.5170603674540681	0.46695681181852644	0.5668232340080915
330	3.6666666666666665	0.49090909090909063	0.44113305249178714	0.5408660370484356
318	3.533333333333333	0.5440251572327044	0.4935945006204587	0.5935689540747092
366	4.066666666666666	0.48633879781420775	0.43647678650926003	0.5364742212084427
341	3.7930555555555556	0.4605263157894736	0.41106913755533814	0.510773174113854
306	3.4	0.6078431372549019	0.5571037694776073	0.6563552673411182
360	4.0	0.5333333333333335	0.4831844811209369	0.5828174784703728
426	4.733333333333333	0.507042253521127	0.4570010119629957	0.5569427863429139
374	4.159722222222222	0.4693333333333333	0.4197796353966927	0.519499209427372
348	3.8666666666666667	0.5143678160919541	0.4645540215406367	0.5638977813882518
360	4.0	0.5249999999999999	0.474780761235325	0.5747186209607493
330	3.6666666666666665	0.509090909090909	0.459133962951564	0.5588669475082124
405	4.5	0.5382716049382718	0.48791486378805055	0.5878593038571195
427	4.752777777777778	0.47086247086247074	0.42126154392759274	0.5210455915375594
324	3.6	0.5030864197530863	0.45313824233375805	0.5529730702041034
324	3.6	0.5061728395061728	0.45620386617074077	0.5560187940336866
414	4.6	0.48309178743961334	0.433435099309785	0.5330846544308341
377	4.205555555555556	0.5433070866141732	0.4929227246888035	0.5928206074859061
379	4.219444444444444	0.5616797900262466	0.511153656422803	0.6109583486631003
363	4.033333333333333	0.4435261707988981	0.39412125176649637	0.4940739295678165
270	3.0	0.47777777777777786	0.4280005795016291	0.5280002887302345
432	4.8	0.4861111111111114	0.4364939842028972	0.5360035079059879
359	3.9930555555555554	0.5513888888888887	0.5010264843732827	0.6007190312322482
378	4.2	0.48412698412698435	0.4345378157218081	0.5340307152056413
396	4.4	0.5101010101010098	0.4601126284732292	0.5598881960124674
402	4.466666666666667	0.4577114427860697	0.40840192176564244	0.5078636216018083
348	3.8666666666666667	0.5373563218390804	0.4870739725088755	0.5868901525873464
414	4.6	0.47584541062801905	0.4263416097981432	0.5258284654252269
312	3.466666666666667	0.45512820512820523	0.40561126827051286	0.5055486580390441
384	4.266666666666667	0.5052083333333333	0.4554678789466947	0.5548459017557977
387	4.3	0.4987080103359173	0.448836440326232	0.5486053009951096
330	3.6666666666666665	0.515151515151515	0.4651847844606059	0.564817165709561
387	4.3	0.45736434108527135	0.40793418056242053	0.5076484970033714
402	4.466666666666667	0.4950248756218905	0.4453136787215954	0.5448346336312343
351	3.9	0.452991452991453	0.40355446014124735	0.5033734863844346
297	3.3	0.5286195286195285	0.47840192948870747	0.5782644524179485
339	3.7666666666666666	0.4749262536873157	0.42522882838564924	0.5251253657797841
328	3.6527777777777777	0.5121212121212124	0.4621448136988676	0.5618564421268631
378	4.2	0.5449735449735448	0.4947804332509114	0.5942691709577395
318	3.533333333333333	0.4528301886792454	0.4034183466853268	0.5031894606490517
365	4.059722222222222	0.5095628415300546	0.45950955757411277	0.5594251223257686
289	3.2194444444444446	0.44329896907216493	0.39408338729485626	0.4936533364617368
348	3.8666666666666667	0.49425287356321845	0.4445813772051942	0.5440380817624342
366	4.066666666666666	0.4863387978142073	0.4364767865092596	0.5364742212084422
343	3.8194444444444446	0.48550724637681153	0.4357063192568922	0.5355976396539309
405	4.5	0.5185185185185188	0.46850832824196853	0.5681604109209603
396	4.4	0.5202020202020204	0.47020086954349516	0.5698017007428806
297	3.3	0.5589225589225589	0.5085543103152724	0.608106604392794
387	4.3	0.5452196382428938	0.4949767239272597	0.5945583892890386
330	3.6666666666666665	0.496969696969697	0.44710824648707953	0.5468914932609648
361	4.019444444444445	0.49862258953168054	0.4488074546874308	0.548465084480061
336	3.7333333333333334	0.523809523809524	0.47391015673790243	0.5732380229964249
324	3.6	0.4969135802469139	0.4470269297958969	0.5468617576662422
389	4.326388888888889	0.4756410256410259	0.42605330175739753	0.5257137660278018
372	4.133333333333334	0.5053763440860215	0.4553897007677118	0.5552557361488556
435	4.833333333333333	0.4551724137931035	0.405829298063719	0.5054117414416381
315	3.5	0.5365079365079366	0.4863118432946831	0.5859749344174037
324	3.6	0.4969135802469134	0.4470269297958965	0.5468617576662418
414	4.6	0.4782608695652174	0.4287029512210224	0.528250452549157
366	4.066666666666666	0.4754098360655741	0.42578516440769626	0.5255249289958808
357	3.966666666666667	0.5014005602240895	0.45146571567093374	0.5513074819320752
372	4.133333333333334	0.4543010752688173	0.4049072597666803	0.504611038887023
363	4.033333333333333	0.5151515151515151	0.4652470322709714	0.5647556653397507
399	4.433333333333334	0.5338345864661658	0.4837432547521474	0.5832527963131322
324	3.6	0.4537037037037039	0.40427769968454474	0.5040594884340169
387	4.3	0.4987080103359175	0.4488364403262322	0.5486053009951098
357	3.966666666666667	0.49859943977591037	0.44869251806792465	0.5485342843290661
450	5.0	0.5199999999999996	0.46988456343975277	0.5697161502503282
345	3.8333333333333335	0.48115942028985514	0.4313756705856957	0.5313200926844056
454	5.052777777777778	0.5526315789473683	0.5022635973877605	0.601942087237008
396	4.4	0.48989898989899017	0.4401118039875325	0.5398873715267707
324	3.6	0.5648148148148145	0.5142676273744131	0.6140495229584195
393	4.366666666666666	0.5139949109414759	0.46416632545710834	0.5635468407209682
402	4.466666666666667	0.5024875621890548	0.4526972123793266	0.5522286247111118
453	5.033333333333333	0.4966887417218545	0.4469897475237527	0.5464532552509461
402	4.466666666666667	0.4950248756218905	0.44531367872159544	0.5448346336312343
417	4.633333333333334	0.5203836930455635	0.47025659197280345	0.5701036961050296
377	4.1930555555555555	0.5211640211640212	0.47126053045099636	0.5706486524968052
363	4.033333333333333	0.490358126721763	0.4406568958744986	0.5402507020765219
294	3.2666666666666666	0.49659863945578187	0.4468605297382234	0.5464041599784701
434	4.826388888888889	0.489655172413793	0.4398728111199788	0.5396435700810043
344	3.826388888888889	0.5217391304347824	0.4715807631365784	0.571462925906285
377	4.1930555555555555	0.5542328042328044	0.5037529983241527	0.6036181313872191
372	4.133333333333334	0.5215053763440859	0.47149027457269443	0.5710929982848901
444	4.933333333333334	0.5405405405405406	0.49034063863478916	0.5899309926247694
351	3.9	0.527065527065527	0.47702292401693636	0.5765701495988531
452	5.026388888888889	0.4790286975717438	0.4292416678634978	0.5292358360550639
396	4.4	0.5227272727272727	0.4727321950140892	0.5722710642658813
366	4.066666666666666	0.5273224043715846	0.4772241811790278	0.5768763651236877
432	4.8	0.5324074074074073	0.4821485761408448	0.5820170940839979
420	4.666666666666667	0.4595238095238098	0.4102044639243953	0.5096489376441087
381	4.233333333333333	0.5275590551181102	0.47749059322368065	0.5770792123076174
402	4.466666666666667	0.5099502487562189	0.46011218461178893	0.5595912984536521
384	4.266666666666667	0.44791666666666646	0.39852071494787733	0.4983622611334856
363	4.033333333333333	0.4986225895316803	0.4488109944444895	0.5484615408337714
396	4.4	0.5176767676767676	0.4676732632399241	0.5673287336222774
378	4.2	0.5423280423280422	0.49209139824652975	0.5917184244485167
372	4.133333333333334	0.5107526881720431	0.4607387977603578	0.5605522283758335
303	3.3666666666666667	0.46864686468646866	0.41904067336908457	0.5188805549142914
420	4.666666666666667	0.5047619047619044	0.4549849201941087	0.5544446690430362
384	4.266666666666667	0.5390624999999998	0.48891422070153895	0.5884323366994805
345	3.8333333333333335	0.4753623188405798	0.42571838769299253	0.5254980163512235
324	3.6	0.5216049382716048	0.4716326129501727	0.5711485454868573
318	3.533333333333333	0.4999999999999999	0.45006885799223845	0.5499311420077615
393	4.366666666666666	0.5089058524173028	0.45909387485185477	0.5585416194731125
348	3.8666666666666667	0.5114942528735632	0.461684553433165	0.561076734442303
366	4.066666666666666	0.5218579234972678	0.4717306967170932	0.5715487554456354
461	5.126388888888889	0.4848484848484848	0.4350724522170008	0.5349269414778124
436	4.852777777777778	0.47945205479452047	0.4297538351083762	0.5295603300928282
456	5.066666666666666	0.4978070175438595	0.4480093447869202	0.5476482345878531
386	4.293055555555555	0.5064599483204134	0.45652074120550323	0.5562705808210777
294	3.2666666666666666	0.49659863945578236	0.446860529738224	0.5464041599784707
357	3.966666666666667	0.5126050420168066	0.46260829517147545	0.5623508266006197
354	3.933333333333333	0.5000000000000001	0.45033434284006335	0.5496656571599369
348	3.8666666666666667	0.5344827586206895	0.48416166726064785	0.5841116255255548
381	4.233333333333333	0.4750656167979004	0.4254787265243409	0.5251491356577187
402	4.466666666666667	0.465174129353234	0.41562980100381214	0.5154153377653792
288	3.2	0.5451388888888888	0.4949031340045891	0.5944723470504603
339	3.7666666666666666	0.471976401179941	0.42236019260901686	0.5221524971943798
390	4.333333333333333	0.5358974358974359	0.4858507959267599	0.5852313568685475
381	4.233333333333333	0.4540682414698162	0.4046169880508703	0.5044426417007909
387	4.3	0.48578811369509045	0.43610341477543385	0.5357553007999011
432	4.8	0.4629629629629628	0.4134829198441337	0.5131833367749208
405	4.5	0.5037037037037035	0.4537489118128508	0.5535846606447876
330	3.6666666666666665	0.5242424242424243	0.47430904655876027	0.5736957648900607
417	4.633333333333334	0.47242206235011985	0.42286672081210686	0.5225268750456308
426	4.733333333333333	0.5187793427230049	0.46870150467343996	0.56848271264978
342	3.8	0.4853801169590643	0.43579303485986903	0.5352567138231166
378	4.2	0.5105820105820105	0.4606886704941098	0.5602654051608957
384	4.266666666666667	0.4999999999999999	0.4503029791290672	0.5496970208709324
315	3.5	0.5301587301587302	0.4798731278576652	0.5798393859926322
396	4.4	0.5151515151515152	0.46514936258293454	0.564852161846857
426	4.733333333333333	0.4718309859154928	0.42233742145371	0.5218845999079207
411	4.566666666666666	0.4671532846715328	0.417569773728627	0.5173942344561913
340	3.786111111111111	0.4795321637426901	0.43005476158008304	0.5294143680613601
336	3.7333333333333334	0.5000000000000001	0.45014511161208187	0.5498548883879183
314	3.4930555555555554	0.4460317460317463	0.3966455174362302	0.4965069079766917
376	4.186111111111111	0.4867724867724867	0.4371244348153659	0.5366829400242684
312	3.466666666666667	0.5000000000000001	0.4500758557974164	0.5499241442025838
444	4.933333333333334	0.48198198198198194	0.4324119900504002	0.5319091787863095
384	4.266666666666667	0.46354166666666696	0.41408849220581295	0.513722510622296
276	3.066666666666667	0.5326086956521738	0.4823502238122901	0.5822140187361042
422	4.6930555555555555	0.5000000000000002	0.45018964002256323	0.5498103599774372
394	4.386111111111111	0.47979797979797967	0.43018549680675533	0.5298121410242046
409	4.552777777777778	0.5012165450121656	0.45143954525031976	0.5509694419555162
384	4.266666666666667	0.5026041666666666	0.452883422399424	0.5522734596587293
438	4.866666666666666	0.48858447488584483	0.43871271430144176	0.5386845351314434
419	4.659722222222222	0.5285714285714288	0.4783342187336068	0.57823647676684
396	4.4	0.4999999999999999	0.45008312869038214	0.5499168713096177
393	4.379166666666666	0.48232323232323215	0.43265206822632846	0.5323462077749335
348	3.8666666666666667	0.514367816091954	0.46455402154063663	0.5638977813882516
405	4.5	0.48148148148148145	0.43183958907904	0.5314916717580318
408	4.533333333333333	0.46568627450980404	0.4162849568966895	0.5157699987694275
372	4.133333333333334	0.5161290322580645	0.4661056141002876	0.5658313062214674
372	4.133333333333334	0.49999999999999994	0.4500582180376183	0.5499417819623815
384	4.266666666666667	0.5364583333333335	0.4862774893777044	0.5859115077941874
357	3.966666666666667	0.4509803921568629	0.4017184036795809	0.5012223967333423
404	4.493055555555555	0.4901234567901236	0.4403846162316199	0.5400586182588918
414	4.6	0.4855072463768115	0.43580590770858285	0.535496891299879
396	4.4	0.4974747474747475	0.44758486105171075	0.547414968756811
366	4.066666666666666	0.47814207650273244	0.42845124455436473	0.528269303282907
381	4.233333333333333	0.49081364829396323	0.44091115768478967	0.5408998859256898
348	3.8666666666666667	0.5344827586206896	0.48416166726064797	0.584111625525555
417	4.633333333333334	0.4844124700239808	0.4345980879728419	0.5345385313366086
435	4.833333333333333	0.48505747126436777	0.43534901384925356	0.535063337177495
414	4.6	0.4927536231884058	0.442937293862905	0.5427142643180041
366	4.066666666666666	0.4672131147540983	0.41781423780833166	0.5172632965924907
342	3.8	0.5029239766081869	0.4530952302555279	0.552694708972202
420	4.666666666666667	0.5476190476190477	0.49715884565257995	0.5971190054615547
351	3.9	0.50997150997151	0.45989455527328293	0.5598491370992764
360	4.0	0.4666666666666666	0.41718252152962737	0.5168155188790632
369	4.1	0.5040650406504065	0.4543067894678996	0.5537429000668985
313	3.486111111111111	0.43809523809523815	0.38905283833693255	0.4883778979293116
351	3.9	0.5071225071225072	0.45705836506762476	0.5570442107431408
348	3.8666666666666667	0.5373563218390804	0.4870739725088755	0.5868901525873464
390	4.333333333333333	0.4666666666666666	0.417256162272717	0.5167398879680623
336	3.7333333333333334	0.4226190476190476	0.3735635583928586	0.4732498053311912
393	4.379166666666666	0.5164141414141411	0.4664774541737886	0.566025161221958
381	4.233333333333333	0.4750656167979002	0.42547872652434066	0.5251491356577185
384	4.266666666666667	0.4947916666666665	0.44515409824420205	0.5445321210533052
403	4.486111111111111	0.5209876543209876	0.4709672430641034	0.5705907393256371
385	4.286111111111111	0.49612403100775193	0.4462777329211555	0.5460474965204798
339	3.7666666666666666	0.5280235988200589	0.47784750280562005	0.5776398073909831
387	4.3	0.49095607235142114	0.44118499485327617	0.5409070827157684
312	3.466666666666667	0.49679487179487186	0.4469063913090859	0.5467472535839923
375	4.166666666666667	0.5226666666666668	0.47244426926486677	0.5724348917305275
402	4.466666666666667	0.5149253731343282	0.4650730780121045	0.5644824162313365
395	4.393055555555556	0.48989898989898994	0.44010875581766484	0.5398904443831833
369	4.1	0.4959349593495933	0.44625709993310114	0.5456932105321002
372	4.133333333333334	0.4973118279569895	0.4473990544844024	0.5472782365720431
360	4.0	0.4666666666666667	0.4171825215296274	0.5168155188790633
387	4.3	0.5090439276485788	0.45909291728423157	0.5588150051467238
333	3.7	0.5345345345345345	0.4843787032753724	0.5840016213057801
372	4.133333333333334	0.47311827956989255	0.42366268588973516	0.5231070758956133
394	4.386111111111111	0.48863636363636387	0.43892592439711575	0.5385725878308594
303	3.3666666666666667	0.471947194719472	0.42223566917682637	0.5222213692856441
387	4.3	0.47286821705426346	0.4234671160367199	0.5228063722823909
435	4.833333333333333	0.48045977011494245	0.4308380799592974	0.5304699805457522
426	4.733333333333333	0.48122065727699537	0.43151728735022016	0.5312984953265603
405	4.5	0.5259259259259261	0.4759347001530414	0.5754027656006029
351	3.9	0.507122507122507	0.4570583650676246	0.5570442107431406
432	4.8	0.5300925925925926	0.479818887441988	0.57976295540706
387	4.3	0.5064599483204134	0.4565229280838653	0.5562684051887475
330	3.6666666666666665	0.515151515151515	0.4651847844606059	0.564817165709561
424	4.719444444444444	0.4765258215962443	0.42693035649493766	0.5265885863862168
300	3.3333333333333335	0.5166666666666668	0.4667569457504329	0.5662460879062924
402	4.466666666666667	0.49004975124378136	0.44040870154634804	0.5398878153882113
426	4.733333333333333	0.49765258215962443	0.4476934868397443	0.5476585941026724
393	4.366666666666666	0.4427480916030533	0.39354315600046696	0.4931029312084072
318	3.533333333333333	0.5157232704402515	0.46572346586287566	0.5654102700579531
411	4.566666666666666	0.515815085158151	0.46596485381857894	0.5653525664846238
414	4.6	0.4927536231884059	0.442937293862905	0.5427142643180042
363	4.033333333333333	0.4903581267217627	0.44065689587449836	0.5402507020765217
342	3.8	0.5058479532163741	0.45599869597475823	0.5555812102192165
387	4.3	0.48578811369509023	0.4361034147754336	0.5357553007999009
409	4.552777777777778	0.5085158150851579	0.45868246054983003	0.5581805103938949
294	3.2666666666666666	0.5068027210884354	0.4569768761542102	0.5564937982241382
348	3.8666666666666667	0.46551724137931055	0.4158883744744453	0.5158383327393523
447	4.966666666666667	0.5704697986577181	0.5199547374693008	0.6195585638771239
462	5.133333333333334	0.5000000000000001	0.45002035861780926	0.549979641382191
375	4.166666666666667	0.46933333333333344	0.4197725504807381	0.519506470489183
372	4.133333333333334	0.5000000000000002	0.4500582180376186	0.5499417819623819
330	3.6666666666666665	0.5030303030303032	0.45310850673903547	0.5528917535129205
316	3.5194444444444444	0.47484276729559766	0.42539699510597184	0.524786811567469
336	3.7333333333333334	0.5476190476190476	0.49738362738822556	0.5969026790598554
345	3.8333333333333335	0.4695652173913041	0.42008282511310324	0.5196533095151226
345	3.8333333333333335	0.4782608695652176	0.42854431513522817	0.5284118687089103
282	3.1333333333333333	0.45744680851063835	0.4081052549949875	0.5076375734797398
420	4.666666666666667	0.469047619047619	0.41945169847470437	0.5192625968215482
366	4.066666666666666	0.4863387978142077	0.43647678650926	0.5364742212084427
318	3.533333333333333	0.5062893081761008	0.45630949924764375	0.5561437279884895
372	4.133333333333334	0.5295698924731184	0.479601045698005	0.5789529536635191
366	4.066666666666666	0.4836065573770495	0.4337970545084837	0.5337439297601829
351	3.9	0.5128205128205127	0.4627360071606375	0.5626488880799524
438	4.866666666666666	0.5296803652968035	0.4795926480948775	0.5791773347151565
397	4.419444444444444	0.5338345864661654	0.4837573663120489	0.5832390614122263
420	4.666666666666667	0.5095238095238097	0.45971811658137546	0.5591411502413484
363	4.033333333333333	0.4600550964187328	0.41055463775453466	0.5103563477591824
330	3.6666666666666665	0.5000000000000001	0.4501052361473062	0.549894763852694
465	5.166666666666667	0.4774193548387097	0.4277157533314797	0.5275742027730823
345	3.8333333333333335	0.5246376811594202	0.47450198364877644	0.5742816123070074
378	4.2	0.5158730158730157	0.4659692847943588	0.5654621842781921
321	3.566666666666667	0.5327102803738317	0.48246596254774216	0.5822997905710506
423	4.7	0.5059101654846336	0.4559975755901692	0.5557052259351137
417	4.633333333333334	0.52757793764988	0.477473124954369	0.577133279187893
351	3.9	0.4700854700854701	0.4206610929697303	0.5201035896341173
318	3.533333333333333	0.4811320754716981	0.4315148025338611	0.531124294036127
300	3.3333333333333335	0.5233333333333334	0.4734589493274455	0.5727466807215582
329	3.6597222222222223	0.49545454545454554	0.4456986110551604	0.5453006742430694
334	3.7194444444444446	0.5059523809523807	0.4560503571454992	0.5557360876235561
351	3.9	0.4900284900284898	0.4401508629007233	0.5401054447267168
432	4.8	0.5	0.4501946879145154	0.5498053120854846
329	3.6597222222222223	0.4954545454545453	0.4456986110551602	0.5453006742430692
414	4.6	0.48309178743961345	0.43343509930978513	0.5330846544308341
306	3.4	0.5228758169934642	0.47294497711250416	0.5723535968965928
303	3.3666666666666667	0.46534653465346526	0.4158536829589597	0.5155312842850014
411	4.566666666666666	0.46472019464720205	0.415206167477342	0.5149395366881726
351	3.9	0.521367521367521	0.47129213324021524	0.5710171364006388
414	4.6	0.463768115942029	0.4141481977640893	0.514115989175583
402	4.466666666666667	0.48258706467661683	0.433077214265542	0.5324411711324656
447	4.966666666666667	0.4988814317673377	0.44896676322407064	0.548818405455702
449	4.993055555555555	0.4799999999999997	0.4302877735175284	0.530111449515755
361	4.019444444444445	0.5179063360881541	0.4679898676287766	0.5674679556819004
405	4.5	0.5037037037037039	0.453748911812851	0.5535846606447878
335	3.7263888888888888	0.48958333333333315	0.4399517134200036	0.539421170466489
387	4.3	0.5090439276485789	0.4590929172842317	0.5588150051467239
417	4.633333333333334	0.5131894484412469	0.4630686448488849	0.563046398652841
363	4.033333333333333	0.47933884297520657	0.4298505327364418	0.5292360044331255
399	4.433333333333334	0.43609022556390975	0.38686762814109077	0.4866052205998238
369	4.1	0.4688346883468834	0.41916833132538633	0.51912623144166
342	3.8	0.5116959064327485	0.4618227040164212	0.5613373303961998
306	3.4	0.48366013071895414	0.4340232915167825	0.533621489560259
402	4.466666666666667	0.5422885572139305	0.49213637839819196	0.5915980782343578
354	3.933333333333333	0.44350282485875714	0.39422216032335744	0.49392101500168384
434	4.826388888888889	0.5126436781609198	0.46264666093855866	0.5623889640680437
346	3.852777777777778	0.511494252873563	0.4616745154837957	0.5610866810107938
336	3.7333333333333334	0.48511904761904784	0.43548629540306477	0.5350470691284065
363	4.033333333333333	0.49311294765840197	0.44337022135354	0.5429924018345214
405	4.5	0.4938271604938273	0.44397760084236354	0.5437997567705604
312	3.466666666666667	0.5	0.45007585579741627	0.5499241442025837
363	4.033333333333333	0.5096418732782368	0.45974929792347785	0.5593431041255013
321	3.566666666666667	0.5576323987538939	0.5071962312319699	0.6069072963210492
417	4.633333333333334	0.4844124700239808	0.4345980879728419	0.5345385313366086
390	4.333333333333333	0.5282051282051281	0.47809063926429685	0.5777574959502453
444	4.933333333333334	0.49324324324324303	0.4434906087125745	0.5431300644830205
376	4.186111111111111	0.5052910052910055	0.45542532390164825	0.5550516443074188
369	4.1	0.5311653116531165	0.4808737685583399	0.5808316686746136
444	4.933333333333334	0.45720720720720714	0.407886602308686	0.5073812281181133
375	4.166666666666667	0.5653333333333332	0.5147349523161036	0.6146060100674557
351	3.9	0.5099715099715098	0.4598945552732827	0.5598491370992762
402	4.466666666666667	0.5298507462686567	0.4795683179233808	0.5795344513876329
396	4.4	0.515151515151515	0.46514936258293427	0.5648521618468568
411	4.566666666666666	0.4866180048661803	0.4370369368954772	0.5364638416473817
336	3.7333333333333334	0.5029761904761905	0.45309469302645755	0.5527985141124551
421	4.686111111111111	0.5531914893617021	0.5027269567104428	0.6025832293343539
335	3.7263888888888888	0.48363095238095216	0.434111673852328	0.5334737919348365
403	4.486111111111111	0.4888888888888891	0.43911566387012013	0.5388834132991461
396	4.4	0.4974747474747476	0.44758486105171086	0.5474149687568111
399	4.433333333333334	0.4736842105263159	0.42406390139817185	0.5238298148474466
375	4.166666666666667	0.5520000000000002	0.5016058052078074	0.6013483449156856
372	4.133333333333334	0.540322580645161	0.4899247131653578	0.5899090254149216
423	4.7	0.49645390070921974	0.44662936667394454	0.5463489630645724
444	4.933333333333334	0.49324324324324326	0.44349060871257473	0.5431300644830207
375	4.166666666666667	0.5226666666666668	0.47244426926486677	0.5724348917305274
396	4.4	0.5404040404040404	0.49006706681291345	0.5899299050881108
324	3.6	0.4320987654320987	0.3830353840397019	0.4825315205739826
396	4.4	0.4974747474747474	0.44758486105171064	0.5474149687568108
360	4.0	0.47499999999999987	0.4252813790392504	0.5252192387646747
305	3.3930555555555557	0.5016339869281045	0.45182190388714555	0.5514136561716781
333	3.7	0.4714714714714715	0.4218171180334493	0.5216968644603375
360	4.0	0.44444444444444425	0.3952241437174569	0.4947796259175968
462	5.133333333333334	0.5411255411255412	0.4907938395572055	0.590631866371326
421	4.686111111111111	0.45390070921985815	0.4046620563624764	0.5040579733437772
392	4.3597222222222225	0.4885496183206108	0.4389562754584208	0.538369406337319
393	4.366666666666666	0.4961832061068701	0.4464784471937949	0.5459635211343917
363	4.033333333333333	0.47933884297520646	0.4298505327364417	0.5292360044331254
270	3.0	0.4777777777777778	0.42800057950162906	0.5280002887302345
471	5.233333333333333	0.5286624203821654	0.47838381905927757	0.5783661060541252
414	4.6	0.4999999999999999	0.4500971921472741	0.5499028078527257
342	3.8	0.48538011695906413	0.4357930348598688	0.5352567138231163
372	4.133333333333334	0.48387096774193555	0.4341686937785326	0.5338943858997125
390	4.333333333333333	0.47692307692307706	0.42724389834268	0.5270630984266704
456	5.066666666666666	0.5000000000000002	0.4501793620216959	0.5498206379783045
381	4.233333333333333	0.5118110236220474	0.4617148875454461	0.5616710159967085
397	4.419444444444444	0.47368421052631576	0.42407436271842314	0.5238191308854155
306	3.4	0.5490196078431374	0.498713458144333	0.5983432618948511
346	3.852777777777778	0.5028735632183907	0.4531072492516171	0.5525830050609649
426	4.733333333333333	0.539906103286385	0.4895281526127435	0.5894816144456818
342	3.8	0.5058479532163743	0.45599869597475845	0.5555812102192167
403	4.486111111111111	0.488888888888889	0.4391046062755577	0.53889456945084
264	2.933333333333333	0.4962121212121211	0.4462508062881558	0.5462491955759031
423	4.7	0.49881796690307306	0.4489669380816584	0.5486925069398858
345	3.8333333333333335	0.5217391304347826	0.4715881312910898	0.5714556848647719
372	4.133333333333334	0.4919354838709678	0.44209383841099104	0.541937958629284
278	3.0930555555555554	0.49641577060931874	0.4466279099581272	0.5462748141330273
384	4.266666666666667	0.5078125	0.4580563585729601	0.557414353955422
366	4.066666666666666	0.5191256830601091	0.4689910365716355	0.5688781255592993
399	4.433333333333334	0.5213032581453632	0.47113979149385654	0.5710407377139711
414	4.6	0.45652173913043487	0.4071303789058465	0.506783149283063
348	3.8666666666666667	0.5114942528735631	0.46168455343316495	0.561076734442303
346	3.852777777777778	0.5	0.4502577679803219	0.5497422320196781
372	4.133333333333334	0.48924731182795683	0.4394477716241664	0.5392612022396421
402	4.466666666666667	0.4950248756218905	0.44531367872159544	0.5448346336312343
339	3.7666666666666666	0.46607669616519176	0.4166400856557288	0.5161887403004897
279	3.1	0.4802867383512545	0.43068999514433737	0.5302750845635265
358	3.986111111111111	0.5333333333333333	0.4831994677355934	0.5828028864505838
437	4.8597222222222225	0.512557077625571	0.46250196973457586	0.5623615920849824
485	5.393055555555556	0.49794238683127556	0.44813734042729403	0.5477882994086292
364	4.052777777777778	0.5273224043715848	0.47723596813341707	0.5768648328534272
402	4.466666666666667	0.4875621890547263	0.43796141199829014	0.537409133080984
348	3.8666666666666667	0.5172413793103446	0.4674289508510959	0.5667134960458181
358	3.986111111111111	0.47222222222222204	0.42255774749110464	0.5224426734481521
315	3.5	0.5428571428571428	0.4927809829793814	0.5920819091072983
304	3.386111111111111	0.48366013071895436	0.4340293068391772	0.5336153953306776
345	3.8333333333333335	0.4521739130434783	0.40268377762443575	0.5026282408518298
312	3.466666666666667	0.49358974358974356	0.44374433394792384	0.5435629143936518
442	4.919444444444444	0.4639639639639639	0.41445498653587054	0.5141936053540184
364	4.052777777777778	0.47814207650273227	0.4284359850343398	0.5282848320460511
405	4.5	0.4987654320987653	0.4488564667220785	0.5486990112874873
424	4.719444444444444	0.5117370892018779	0.4616760660994773	0.5615637695954582
381	4.233333333333333	0.5144356955380573	0.46433378220322685	0.5642491454232547
357	3.966666666666667	0.45098039215686275	0.40171840367958067	0.5012223967333421
364	4.052777777777778	0.48087431693989063	0.43112935345644116	0.531001369070701
403	4.486111111111111	0.5012345679012346	0.45129834790624285	0.5511461714812929
417	4.633333333333334	0.4820143884892084	0.43224565599042325	0.5321425522786513
381	4.233333333333333	0.5223097112860893	0.4722153364000351	0.5719592971858872
369	4.1	0.4959349593495935	0.44625709993310136	0.5456932105321004
378	4.2	0.47883597883597884	0.42935765136302995	0.5287330585272241
381	4.233333333333333	0.4803149606299213	0.4306067158589072	0.5304160087613462
372	4.133333333333334	0.5000000000000002	0.4500582180376186	0.5499417819623819
411	4.566666666666666	0.46715328467153294	0.4175697737286272	0.5173942344561914
355	3.952777777777778	0.5014005602240897	0.4514620120533354	0.5513111814086596
336	3.7333333333333334	0.4761904761904762	0.42676197700357527	0.5260898432620977
363	4.033333333333333	0.49862258953168054	0.44881099444448974	0.5484615408337716
335	3.7263888888888888	0.4211309523809526	0.3722445668676438	0.47161422620070176
372	4.133333333333334	0.47580645161290336	0.4262826716206216	0.5258106591528869
396	4.4	0.5252525252525251	0.475267254054219	0.5747368244268655
369	4.1	0.4661246612466124	0.4165388516786069	0.5163890325484188
461	5.126388888888889	0.5443722943722943	0.49412080508888867	0.5937362303208399
420	4.666666666666667	0.5404761904761907	0.4903510623558917	0.5897955360756052
492	5.466666666666667	0.4939024390243902	0.4440415463383087	0.5438849191138486
374	4.159722222222222	0.5279999999999999	0.4778126491994326	0.5776276829292231
405	4.5	0.5012345679012344	0.4513009887125124	0.5511435332779213
358	3.986111111111111	0.47222222222222243	0.4225888914689006	0.522410828498973
449	4.993055555555555	0.4766666666666667	0.4270658034835988	0.526732088676455
384	4.266666666666667	0.5338541666666671	0.4836449343200211	0.583386736492689
410	4.559722222222222	0.5352798053527981	0.4850681717012371	0.584786339120402
396	4.4	0.5025252525252524	0.452585031243189	0.5524151389482892
461	5.126388888888889	0.4588744588744588	0.40937592388186983	0.5091981082849794
357	3.966666666666667	0.5266106442577031	0.4766498113237697	0.5760442122552142
340	3.786111111111111	0.505847953216374	0.4559918714478018	0.5555880030193368
417	4.633333333333334	0.5131894484412469	0.4630686448488849	0.563046398652841
378	4.2	0.46031746031746035	0.4108364591151291	0.5105932117972944
321	3.566666666666667	0.5295950155763239	0.479313146338269	0.5792832792006666
375	4.166666666666667	0.46400000000000013	0.4145986493101716	0.5141181265620586
414	4.6	0.49999999999999967	0.4500971921472739	0.5499028078527255
361	4.019444444444445	0.48209366391184577	0.43253204431809944	0.5320101323712233
375	4.166666666666667	0.47200000000000025	0.42236584550990547	0.5221939691580987
423	4.7	0.5059101654846336	0.4559975755901692	0.5557052259351137
378	4.2	0.5185185185185188	0.46861597490147816	0.5680543422601114
456	5.066666666666666	0.49561403508771934	0.44584171011599777	0.5454734410954374
324	3.6	0.5154320987654323	0.46544087669640277	0.5651163891438776
357	3.966666666666667	0.5406162464985993	0.4902172999651435	0.5901978449656331
423	4.7	0.5082742316784871	0.45834711546629064	0.5580368439654891
360	4.0	0.5277777777777779	0.4775769966969802	0.5774230153948513
387	4.3	0.4521963824289407	0.40295290029383224	0.5023939117994914
393	4.366666666666666	0.5063613231552162	0.45656330018942404	0.5560334441427244
387	4.3	0.4547803617571059	0.40544161071096113	0.50502327607274
462	5.133333333333334	0.4696969696969695	0.4202431231507287	0.5197531426563006
363	4.033333333333333	0.5096418732782367	0.4597492979234778	0.5593431041255011
330	3.6666666666666665	0.521212121212121	0.471261180928358	0.57074245942843
388	4.319444444444445	0.532051282051282	0.4820361618905559	0.581430530596703
393	4.366666666666666	0.47073791348600535	0.4210431572853711	0.5210196262320445
351	3.9	0.5128205128205127	0.4627360071606375	0.5626488880799524
381	4.233333333333333	0.5091863517060369	0.45910011407431034	0.5590888423152105
329	3.6597222222222223	0.41818181818181843	0.36930428313330455	0.46872070798164267
366	4.066666666666666	0.4535519125683059	0.4040667482256853	0.5039722734379399
379	4.219444444444444	0.5223097112860893	0.47222437290065905	0.5719504204291853
372	4.133333333333334	0.5215053763440857	0.47149027457269416	0.5710929982848899
459	5.1	0.5250544662309369	0.47505822576617895	0.5745534273541865
337	3.7527777777777778	0.5250737463126846	0.4748551800356566	0.5747902388203119
387	4.3	0.49095607235142147	0.4411849948532764	0.5409070827157686
426	4.733333333333333	0.5	0.45001598826145606	0.5499840117385439
378	4.2	0.4576719576719576	0.40828157555148303	0.50790860175347
372	4.133333333333334	0.5161290322580646	0.4661056141002877	0.5658313062214675
336	3.7333333333333334	0.5238095238095238	0.4739101567379023	0.5732380229964248
426	4.733333333333333	0.49530516431924887	0.44537389675522887	0.5453302548474671
387	4.3	0.5167958656330748	0.46682651650280516	0.5664315728356406
387	4.3	0.48837209302325585	0.438642269579485	0.5383331629454043
408	4.533333333333333	0.5269607843137253	0.47682438182929693	0.5765592778989559
354	3.933333333333333	0.5395480225988702	0.48938593901973215	0.5889215903779128
377	4.1930555555555555	0.5185185185185186	0.4686103301303591	0.5680599043677479
362	4.026388888888889	0.5385674931129474	0.4883179297502256	0.5880453603032889
417	4.633333333333334	0.5347721822541968	0.4847185647049686	0.5841351401189937
357	3.966666666666667	0.5098039215686274	0.4598151528863652	0.5595973905212444
362	4.026388888888889	0.49586776859504156	0.4460865117118452	0.5457310892245685
420	4.666666666666667	0.5357142857142853	0.485537872165236	0.5851779458897833
384	4.266666666666667	0.4713541666666664	0.4216746143605201	0.5216077348024866
438	4.866666666666666	0.49086757990867586	0.44096094428692856	0.5409569095316076
435	4.833333333333333	0.49885057471264355	0.44894723142935283	0.5487768283420547
405	4.5	0.48641975308641977	0.43668467143734496	0.536425229671141
417	4.633333333333334	0.4820143884892085	0.43224565599042336	0.5321425522786514
366	4.066666666666666	0.5491803278688525	0.4988140957636333	0.5985585117103049
291	3.2333333333333334	0.47766323024055	0.4279064124381351	0.52786731789888
423	4.7	0.49645390070921985	0.4466293666739446	0.5463489630645725
378	4.2	0.5000000000000001	0.45017812489232345	0.5498218751076768
375	4.166666666666667	0.5359999999999999	0.4858818734379415	0.5854013506898285
351	3.9	0.4814814814814817	0.4317671153531663	0.5315652256485562
420	4.666666666666667	0.5	0.4502640079352591	0.5497359920647409
360	4.0	0.4472222222222223	0.39788093048885104	0.4976253941678979
342	3.8	0.5116959064327483	0.461822704016421	0.5613373303961996
375	4.166666666666667	0.5359999999999999	0.4858818734379414	0.5854013506898285
366	4.066666666666666	0.4508196721311476	0.40144148828969517	0.5011859042363669
437	4.8597222222222225	0.4794520547945205	0.4297412367576156	0.5295731372237948
402	4.466666666666667	0.46517412935323377	0.4156298010038119	0.515415337765379
405	4.5	0.491358024691358	0.44154324612828993	0.5413450091073999
300	3.3333333333333335	0.4966666666666665	0.4468547297722397	0.5465448606245139
327	3.6333333333333333	0.4709480122324157	0.42126911161464664	0.5212092027776353
282	3.1333333333333333	0.5354609929078015	0.4851172399958288	0.5850923318291132
414	4.6	0.48792270531400983	0.4381798745428747	0.5379058990818956
444	4.933333333333334	0.5315315315315313	0.48125507611120005	0.5811758662549594
433	4.819444444444445	0.5195402298850577	0.4695188608254822	0.5691729059451639
421	4.686111111111111	0.491725768321513	0.4419652460314605	0.5416507806960991
378	4.2	0.46560846560846564	0.4159586070454702	0.5159492623827081
362	4.026388888888889	0.5123966942148758	0.4624985211223026	0.5620490077710175
369	4.1	0.5365853658536585	0.4863528470861411	0.5860861960565644
411	4.566666666666666	0.4987834549878346	0.4490330976205037	0.5485579127125295
363	4.033333333333333	0.5123966942148758	0.46249577052861135	0.5620517313251575
311	3.459722222222222	0.49358974358974383	0.44374131288323854	0.5435659509655287
360	4.0	0.5361111111111112	0.48599578540458754	0.5855075373609402
324	3.6	0.4814814814814817	0.4318642445826653	0.531466649146493
425	4.726388888888889	0.5035211267605634	0.45355720754804824	0.5534148203923905
330	3.6666666666666665	0.5181818181818181	0.46821977112019675	0.5677829264554273
369	4.1	0.5094850948509485	0.45969586425199266	0.5590868603051392
414	4.6	0.4999999999999998	0.450097192147274	0.5499028078527256
273	3.033333333333333	0.5128205128205127	0.46297520532193487	0.5624121243823055
363	4.033333333333333	0.5426997245179062	0.49244252825044194	0.5921025545253102
357	3.966666666666667	0.4705882352941176	0.4212318642741689	0.5205265670377348
381	4.233333333333333	0.5091863517060367	0.4591001140743101	0.5590888423152103
417	4.645833333333333	0.5273809523809524	0.4772099228584852	0.577004981158558
444	4.933333333333334	0.509009009009009	0.45910889075015615	0.5587302514750081
376	4.198611111111111	0.49081364829396323	0.4409136358128502	0.5408973895149511
312	3.466666666666667	0.4871794871794873	0.43744238171277655	0.5371717832038179
306	3.4	0.4901960784313727	0.4404314271352525	0.5401558030227701
345	3.8333333333333335	0.5681159420289857	0.5175917199456985	0.6172614998513193
354	3.933333333333333	0.5536723163841809	0.5031818687356276	0.6030791614197651
416	4.626388888888889	0.4508393285371703	0.4015043372783595	0.5011602130662369
366	4.066666666666666	0.48360655737704905	0.43379705450848327	0.5337439297601825
399	4.433333333333334	0.4686716791979952	0.41918258802160163	0.5187847871328645
387	4.3	0.5374677002583979	0.4871133921633593	0.5870691323663912
365	4.059722222222222	0.4836065573770491	0.43380080352813527	0.5337401312243594
408	4.533333333333333	0.5196078431372552	0.46944958633026085	0.5693739391072249
396	4.4	0.48737373737373757	0.4376280164590842	0.5373708450766874
402	4.466666666666667	0.5174129353233833	0.4675588288675344	0.566922785734458
354	3.933333333333333	0.443502824858757	0.3942221603233574	0.4939210150016838
333	3.7	0.4714714714714716	0.42181711803344935	0.5216968644603375
357	3.966666666666667	0.43417366946778735	0.3851041291879518	0.4845684059235833
348	3.8666666666666667	0.5114942528735631	0.4616845534331649	0.5610767344423029
390	4.333333333333333	0.5230769230769234	0.47293690157333007	0.5727561016573205
405	4.5	0.54320987654321	0.4929169043690826	0.5926370797844357
327	3.6333333333333333	0.5412844036697249	0.4912015093942023	0.5905468474856392
422	4.705555555555556	0.5070422535211269	0.4570014702709044	0.5569423306087609
345	3.8333333333333335	0.5188405797101451	0.4686799073155946	0.5686243294143044
378	4.2	0.44444444444444436	0.39505220707252	0.49495945402110364
363	4.033333333333333	0.4793388429752066	0.4298505327364419	0.5292360044331256
413	4.593055555555556	0.5205314009661836	0.4705952288265858	0.5700606443142384
402	4.466666666666667	0.49004975124378103	0.44040870154634776	0.539887815388211
435	4.833333333333333	0.48275862068965525	0.4330921864157146	0.53276805457106
420	4.666666666666667	0.49761904761904774	0.4479081427229838	0.5473770681783101
363	4.033333333333333	0.5096418732782368	0.45974929792347785	0.5593431041255013
393	4.366666666666666	0.5089058524173028	0.45909387485185477	0.5585416194731125
345	3.8333333333333335	0.4724637681159421	0.4228978898546241	0.522578506881614
405	4.5	0.5185185185185184	0.4685083282419681	0.5681604109209598
384	4.266666666666667	0.5	0.4503029791290674	0.5496970208709326
306	3.4	0.5098039215686274	0.4598441969772301	0.5595685728647476
393	4.379166666666666	0.4962121212121212	0.44639302940591447	0.546106541423436
375	4.166666666666667	0.5306666666666666	0.48049352951081703	0.5802274495192619
399	4.433333333333334	0.4761904761904762	0.42650982641562074	0.526346833316785
370	4.1194444444444445	0.5188172043010753	0.46880306630105556	0.5684570731355238
390	4.333333333333333	0.48205128205128195	0.4322603353180554	0.5322012369735961
432	4.8	0.5162037037037035	0.46630670863783824	0.5657796977173176
